SIGLA;COD;POP-2008
RO;11;24577
RO;11;11962
RO;11;17169
RO;11;17009
RO;11;84581
RO;11;33879
RO;11;6777
RO;11;5707
RO;11;78263
RO;11;12790
RO;11;17147
RO;11;3737
RO;11;16784
RO;11;7633
RO;11;18216
RO;11;9761
RO;11;13973
RO;11;14122
RO;11;28617
RO;11;11793
RO;11;40541
RO;11;8110
RO;11;53955
RO;11;110707
RO;11;32214
RO;11;10653
RO;11;12446
RO;11;12710
RO;11;17653
RO;11;21650
RO;11;7978
RO;11;9966
RO;11;37142
RO;11;4696
RO;11;33803
RO;11;2427
RO;11;379186
RO;11;22896
RO;11;3819
RO;11;3260
RO;11;50249
RO;11;9566
RO;11;6477
RO;11;16091
RO;11;23283
RO;11;12088
RO;11;5070
RO;11;10254
RO;11;13785
RO;11;8981
RO;11;9008
RO;11;68405
AC;12;11987
AC;12;5559
AC;12;19829
AC;12;6745
AC;12;8897
AC;12;76392
AC;12;13960
AC;12;32210
AC;12;6333
AC;12;14387
AC;12;7405
AC;12;13728
AC;12;17921
AC;12;14309
AC;12;8562
AC;12;301398
AC;12;13020
AC;12;4165
AC;12;35544
AC;12;19506
AC;12;33368
AC;12;14848
AM;13;13445
AM;13;8694
AM;13;8483
AM;13;14386
AM;13;18170
AM;13;14292
AM;13;31107
AM;13;25318
AM;13;27664
AM;13;30476
AM;13;14374
AM;13;13677
AM;13;30858
AM;13;32160
AM;13;10958
AM;13;11844
AM;13;25950
AM;13;32190
AM;13;24030
AM;13;67055
AM;13;16418
AM;13;30473
AM;13;17148
AM;13;19783
AM;13;14684
AM;13;40027
AM;13;17850
AM;13;33834
AM;13;87896
AM;13;8300
AM;13;9515
AM;13;5025
AM;13;9032
AM;13;17337
AM;13;38451
AM;13;85279
AM;13;20095
AM;13;1709010
AM;13;45996
AM;13;18051
AM;13;48808
AM;13;18198
AM;13;30357
AM;13;15343
AM;13;18796
AM;13;105742
AM;13;18938
AM;13;25474
AM;13;26004
AM;13;17780
AM;13;30176
AM;13;40806
AM;13;32067
AM;13;9079
AM;13;8479
AM;13;47051
AM;13;19966
AM;13;64703
AM;13;19858
AM;13;10130
AM;13;16035
AM;13;17971
RR;14;14562
RR;14;7980
RR;14;260930
RR;14;10604
RR;14;11638
RR;14;18789
RR;14;7400
RR;14;6118
RR;14;13017
RR;14;7403
RR;14;9019
RR;14;25714
RR;14;5945
RR;14;5922
RR;14;7742
PA;15;138005
PA;15;6879
PA;15;48878
PA;15;32368
PA;15;30389
PA;15;55688
PA;15;31475
PA;15;96842
PA;15;26563
PA;15;495480
PA;15;19410
PA;15;38760
PA;15;22092
PA;15;19839
PA;15;19780
PA;15;27652
PA;15;3935
PA;15;89909
PA;15;1424124
PA;15;12861
PA;15;45616
PA;15;13559
PA;15;11817
PA;15;105908
PA;15;19531
PA;15;7673
PA;15;50400
PA;15;99223
PA;15;23429
PA;15;19996
PA;15;18481
PA;15;115377
PA;15;26135
PA;15;63799
PA;15;52557
PA;15;159110
PA;15;20228
PA;15;11367
PA;15;46916
PA;15;22148
PA;15;11348
PA;15;18102
PA;15;26864
PA;15;12644
PA;15;35790
PA;15;39161
PA;15;29308
PA;15;18710
PA;15;15516
PA;15;25436
PA;15;28583
PA;15;25306
PA;15;35005
PA;15;56639
PA;15;10134
PA;15;42636
PA;15;30573
PA;15;124865
PA;15;42332
PA;15;39892
PA;15;54513
PA;15;35155
PA;15;24483
PA;15;28762
PA;15;7883
PA;15;199946
PA;15;29269
PA;15;27727
PA;15;98746
PA;15;23487
PA;15;17989
PA;15;24328
PA;15;67195
PA;15;63543
PA;15;30117
PA;15;23599
PA;15;14808
PA;15;12568
PA;15;21843
PA;15;54506
PA;15;48287
PA;15;26487
PA;15;57765
PA;15;15719
PA;15;21171
PA;15;40768
PA;15;7329
PA;15;95479
PA;15;145326
PA;15;6583
PA;15;7908
PA;15;13106
PA;15;19030
PA;15;25743
PA;15;47967
PA;15;27689
PA;15;26866
PA;15;10883
PA;15;13232
PA;15;66762
PA;15;17457
PA;15;47074
PA;15;35033
PA;15;38681
PA;15;17858
PA;15;14439
PA;15;6190
PA;15;54464
PA;15;18523
PA;15;17156
PA;15;23001
PA;15;52856
PA;15;275571
PA;15;6267
PA;15;26222
PA;15;16757
PA;15;21889
PA;15;27897
PA;15;64223
PA;15;11986
PA;15;25291
PA;15;4949
PA;15;19691
PA;15;11963
PA;15;44532
PA;15;21499
PA;15;5444
PA;15;14566
PA;15;22244
PA;15;69581
PA;15;10372
PA;15;15885
PA;15;48522
PA;15;27374
PA;15;16860
PA;15;27491
PA;15;94015
PA;15;34485
PA;15;34875
PA;15;45680
PA;15;55144
PA;15;9809
PA;15;40067
AP;16;7745
AP;16;9060
AP;16;4528
AP;16;5301
AP;16;3583
AP;16;39285
AP;16;359020
AP;16;14418
AP;16;20226
AP;16;7800
AP;16;14598
AP;16;3533
AP;16;95733
AP;16;3921
AP;16;13160
AP;16;11253
TO;17;2310
TO;17;4120
TO;17;5860
TO;17;7692
TO;17;8200
TO;17;9615
TO;17;3264
TO;17;4140
TO;17;5618
TO;17;5579
TO;17;9244
TO;17;119128
TO;17;5154
TO;17;26722
TO;17;7034
TO;17;10928
TO;17;15248
TO;17;3486
TO;17;9175
TO;17;10672
TO;17;2791
TO;17;3684
TO;17;5304
TO;17;4648
TO;17;2793
TO;17;2183
TO;17;5452
TO;17;8404
TO;17;2235
TO;17;7858
TO;17;3672
TO;17;2383
TO;17;3411
TO;17;4813
TO;17;2457
TO;17;3791
TO;17;1274
TO;17;30190
TO;17;9005
TO;17;5023
TO;17;4529
TO;17;5035
TO;17;6698
TO;17;1299
TO;17;5288
TO;17;19158
TO;17;6549
TO;17;7261
TO;17;4617
TO;17;8375
TO;17;4101
TO;17;4950
TO;17;8007
TO;17;18743
TO;17;2160
TO;17;5376
TO;17;11982
TO;17;22314
TO;17;73548
TO;17;1754
TO;17;6565
TO;17;6246
TO;17;3521
TO;17;3080
TO;17;3906
TO;17;2200
TO;17;8481
TO;17;3278
TO;17;2219
TO;17;1640
TO;17;3737
TO;17;2874
TO;17;4616
TO;17;1788
TO;17;3281
TO;17;20194
TO;17;12200
TO;17;6586
TO;17;1911
TO;17;2935
TO;17;9355
TO;17;4652
TO;17;10835
TO;17;3888
TO;17;3870
TO;17;1848
TO;17;2492
TO;17;1114
TO;17;184010
TO;17;4837
TO;17;4672
TO;17;8366
TO;17;41500
TO;17;10794
TO;17;4909
TO;17;10605
TO;17;9002
TO;17;4940
TO;17;4521
TO;17;3103
TO;17;6598
TO;17;4660
TO;17;6763
TO;17;2917
TO;17;46598
TO;17;7267
TO;17;3785
TO;17;2230
TO;17;3777
TO;17;3798
TO;17;1499
TO;17;2150
TO;17;6345
TO;17;3788
TO;17;3543
TO;17;5773
TO;17;2755
TO;17;2330
TO;17;4545
TO;17;2366
TO;17;2356
TO;17;4583
TO;17;1451
TO;17;10536
TO;17;3102
TO;17;4373
TO;17;5024
TO;17;5250
TO;17;9568
TO;17;1718
TO;17;14528
TO;17;1974
TO;17;2632
TO;17;6866
TO;17;21932
TO;17;1448
TO;17;2072
TO;17;9574
TO;17;11160
MA;21;100017
MA;21;5834
MA;21;12213
MA;21;21969
MA;21;22328
MA;21;7607
MA;21;22676
MA;21;32955
MA;21;10606
MA;21;6361
MA;21;36850
MA;21;24695
MA;21;12990
MA;21;13641
MA;21;10221
MA;21;38800
MA;21;27967
MA;21;28585
MA;21;14743
MA;21;97946
MA;21;15115
MA;21;16500
MA;21;5597
MA;21;81497
MA;21;17069
MA;21;81027
MA;21;49398
MA;21;8850
MA;21;5892
MA;21;5545
MA;21;21356
MA;21;6160
MA;21;7643
MA;21;38813
MA;21;24661
MA;21;13222
MA;21;32018
MA;21;5896
MA;21;26029
MA;21;22941
MA;21;63466
MA;21;15027
MA;21;9116
MA;21;10279
MA;21;13203
MA;21;12615
MA;21;19409
MA;21;19396
MA;21;10683
MA;21;25159
MA;21;20905
MA;21;147416
MA;21;10127
MA;21;9062
MA;21;7318
MA;21;15577
MA;21;69734
MA;21;12778
MA;21;113768
MA;21;45343
MA;21;36725
MA;21;14535
MA;21;62442
MA;21;35009
MA;21;12118
MA;21;22092
MA;21;10704
MA;21;19055
MA;21;27328
MA;21;7872
MA;21;8404
MA;21;17432
MA;21;11919
MA;21;14903
MA;21;10823
MA;21;16914
MA;21;10224
MA;21;14557
MA;21;16341
MA;21;7091
MA;21;11666
MA;21;24671
MA;21;6439
MA;21;55833
MA;21;12741
MA;21;25037
MA;21;25198
MA;21;12073
MA;21;11003
MA;21;236311
MA;21;13636
MA;21;56241
MA;21;25866
MA;21;8557
MA;21;15270
MA;21;20482
MA;21;16054
MA;21;4101
MA;21;43947
MA;21;9890
MA;21;7993
MA;21;15014
MA;21;10536
MA;21;9287
MA;21;6829
MA;21;11706
MA;21;10646
MA;21;6884
MA;21;14653
MA;21;18098
MA;21;6979
MA;21;12299
MA;21;14252
MA;21;21037
MA;21;29134
MA;21;10944
MA;21;7838
MA;21;19999
MA;21;18288
MA;21;14201
MA;21;28386
MA;21;9055
MA;21;17620
MA;21;10326
MA;21;4987
MA;21;5041
MA;21;17646
MA;21;17868
MA;21;12456
MA;21;101452
MA;21;18646
MA;21;20048
MA;21;35972
MA;21;17625
MA;21;18055
MA;21;13195
MA;21;16534
MA;21;39049
MA;21;22417
MA;21;34505
MA;21;12556
MA;21;19601
MA;21;31879
MA;21;76391
MA;21;22410
MA;21;15477
MA;21;16184
MA;21;19271
MA;21;7110
MA;21;41173
MA;21;12094
MA;21;6252
MA;21;16095
MA;21;10096
MA;21;12366
MA;21;25042
MA;21;21626
MA;21;7391
MA;21;39103
MA;21;5971
MA;21;5703
MA;21;35070
MA;21;84582
MA;21;71314
MA;21;20194
MA;21;29215
MA;21;31940
MA;21;10890
MA;21;11509
MA;21;14637
MA;21;17704
MA;21;38645
MA;21;26273
MA;21;7168
MA;21;33491
MA;21;4511
MA;21;8702
MA;21;14632
MA;21;12613
MA;21;11611
MA;21;17108
MA;21;24267
MA;21;18617
MA;21;135821
MA;21;7490
MA;21;986826
MA;21;20163
MA;21;39210
MA;21;11439
MA;21;4136
MA;21;16447
MA;21;4590
MA;21;5145
MA;21;20288
MA;21;8651
MA;21;9343
MA;21;19328
MA;21;10911
MA;21;16009
MA;21;10529
MA;21;4818
MA;21;6850
MA;21;26884
MA;21;148804
MA;21;18867
MA;21;5677
MA;21;39041
MA;21;33456
MA;21;20758
MA;21;47733
MA;21;22459
MA;21;44648
MA;21;48907
MA;21;8961
MA;21;31851
MA;21;31107
MA;21;46290
PI;22;6437
PI;22;5121
PI;22;16345
PI;22;7662
PI;22;4610
PI;22;14004
PI;22;39430
PI;22;5120
PI;22;17813
PI;22;6798
PI;22;8434
PI;22;3231
PI;22;6025
PI;22;2731
PI;22;5145
PI;22;8243
PI;22;11840
PI;22;10531
PI;22;3882
PI;22;44574
PI;22;3452
PI;22;6852
PI;22;26465
PI;22;3441
PI;22;2869
PI;22;9833
PI;22;5455
PI;22;6379
PI;22;6262
PI;22;4155
PI;22;20100
PI;22;5429
PI;22;5334
PI;22;6508
PI;22;7920
PI;22;3986
PI;22;19700
PI;22;8046
PI;22;9710
PI;22;3285
PI;22;7183
PI;22;5784
PI;22;5759
PI;22;4579
PI;22;5808
PI;22;6920
PI;22;45827
PI;22;4098
PI;22;20556
PI;22;11142
PI;22;3977
PI;22;10643
PI;22;5526
PI;22;4715
PI;22;19082
PI;22;5169
PI;22;26956
PI;22;4652
PI;22;5495
PI;22;3907
PI;22;5865
PI;22;7882
PI;22;5064
PI;22;4481
PI;22;25223
PI;22;8026
PI;22;9791
PI;22;10658
PI;22;4669
PI;22;5040
PI;22;4189
PI;22;13173
PI;22;6915
PI;22;6721
PI;22;10628
PI;22;4435
PI;22;14577
PI;22;4858
PI;22;37231
PI;22;5339
PI;22;4596
PI;22;2624
PI;22;57700
PI;22;5443
PI;22;5160
PI;22;2319
PI;22;8533
PI;22;11373
PI;22;5406
PI;22;10648
PI;22;9860
PI;22;4468
PI;22;3779
PI;22;8663
PI;22;15403
PI;22;9624
PI;22;8014
PI;22;11403
PI;22;10861
PI;22;5774
PI;22;17310
PI;22;4291
PI;22;4653
PI;22;4496
PI;22;3291
PI;22;14175
PI;22;5500
PI;22;36177
PI;22;4906
PI;22;5401
PI;22;4515
PI;22;6708
PI;22;4673
PI;22;3790
PI;22;5188
PI;22;8090
PI;22;2637
PI;22;5746
PI;22;26900
PI;22;25021
PI;22;7902
PI;22;5511
PI;22;7361
PI;22;4318
PI;22;6613
PI;22;10766
PI;22;33104
PI;22;1228
PI;22;7220
PI;22;10616
PI;22;7369
PI;22;10632
PI;22;6560
PI;22;4362
PI;22;7877
PI;22;7144
PI;22;8501
PI;22;4165
PI;22;8276
PI;22;4407
PI;22;6367
PI;22;3481
PI;22;36082
PI;22;2713
PI;22;7551
PI;22;4517
PI;22;3721
PI;22;5128
PI;22;14117
PI;22;4662
PI;22;10611
PI;22;144892
PI;22;4245
PI;22;6349
PI;22;3821
PI;22;20416
PI;22;4415
PI;22;37727
PI;22;2394
PI;22;72477
PI;22;12058
PI;22;17615
PI;22;26361
PI;22;61975
PI;22;11824
PI;22;2540
PI;22;3249
PI;22;9642
PI;22;8500
PI;22;18138
PI;22;5025
PI;22;4221
PI;22;6767
PI;22;6615
PI;22;5956
PI;22;3448
PI;22;6171
PI;22;5432
PI;22;5296
PI;22;4980
PI;22;5895
PI;22;2019
PI;22;3731
PI;22;4434
PI;22;3222
PI;22;5159
PI;22;6456
PI;22;2525
PI;22;4466
PI;22;4489
PI;22;5151
PI;22;6863
PI;22;4914
PI;22;7287
PI;22;19073
PI;22;5190
PI;22;3837
PI;22;7004
PI;22;6078
PI;22;5041
PI;22;2670
PI;22;2143
PI;22;3166
PI;22;19752
PI;22;13459
PI;22;31744
PI;22;4297
PI;22;4198
PI;22;9779
PI;22;14128
PI;22;11802
PI;22;4731
PI;22;5696
PI;22;2981
PI;22;2681
PI;22;793915
PI;22;42859
PI;22;19566
PI;22;20280
PI;22;5326
PI;22;4556
PI;22;3187
PI;22;3117
PI;22;4580
CE;23;10835
CE;23;15388
CE;23;54257
CE;23;50485
CE;23;16253
CE;23;10706
CE;23;6733
CE;23;20339
CE;23;39497
CE;23;7013
CE;23;14251
CE;23;70439
CE;23;68886
CE;23;25251
CE;23;11085
CE;23;22133
CE;23;12477
CE;23;7497
CE;23;22412
CE;23;25142
CE;23;5971
CE;23;18196
CE;23;52496
CE;23;19257
CE;23;21429
CE;23;15418
CE;23;32968
CE;23;48201
CE;23;30687
CE;23;55728
CE;23;41040
CE;23;60784
CE;23;26359
CE;23;76873
CE;23;16963
CE;23;18911
CE;23;19099
CE;23;27249
CE;23;19270
CE;23;16626
CE;23;67002
CE;23;17794
CE;23;11029
CE;23;326811
CE;23;25469
CE;23;12609
CE;23;13316
CE;23;18770
CE;23;22024
CE;23;74904
CE;23;115724
CE;23;18057
CE;23;23208
CE;23;9508
CE;23;7242
CE;23;40426
CE;23;19687
CE;23;21233
CE;23;2473614
CE;23;14825
CE;23;13389
CE;23;6602
CE;23;15856
CE;23;53486
CE;23;5031
CE;23;9865
CE;23;23502
CE;23;38123
CE;23;4227
CE;23;19103
CE;23;52488
CE;23;13156
CE;23;23961
CE;23;11589
CE;23;19089
CE;23;65377
CE;23;96201
CE;23;26240
CE;23;11729
CE;23;11966
CE;23;40841
CE;23;39220
CE;23;14943
CE;23;22978
CE;23;7833
CE;23;32382
CE;23;46989
CE;23;112662
CE;23;18390
CE;23;35988
CE;23;18579
CE;23;18389
CE;23;10251
CE;23;36385
CE;23;32134
CE;23;26584
CE;23;7501
CE;23;16447
CE;23;246515
CE;23;23654
CE;23;30612
CE;23;55539
CE;23;17636
CE;23;199808
CE;23;108525
CE;23;24250
CE;23;10892
CE;23;34874
CE;23;43871
CE;23;12656
CE;23;27861
CE;23;14691
CE;23;12625
CE;23;34926
CE;23;46252
CE;23;17114
CE;23;63296
CE;23;8406
CE;23;22269
CE;23;14481
CE;23;11642
CE;23;13522
CE;23;31770
CE;23;28485
CE;23;24371
CE;23;21824
CE;23;58281
CE;23;70018
CE;23;11473
CE;23;6184
CE;23;9173
CE;23;10755
CE;23;32116
CE;23;29503
CE;23;31983
CE;23;12032
CE;23;42055
CE;23;8067
CE;23;34955
CE;23;15784
CE;23;18022
CE;23;15449
CE;23;9812
CE;23;12308
CE;23;15127
CE;23;10058
CE;23;6792
CE;23;20979
CE;23;79505
CE;23;16222
CE;23;72951
CE;23;19517
CE;23;26624
CE;23;19626
CE;23;67023
CE;23;16806
CE;23;16586
CE;23;44864
CE;23;30041
CE;23;18242
CE;23;44929
CE;23;42311
CE;23;8521
CE;23;12519
CE;23;25069
CE;23;6575
CE;23;180046
CE;23;17943
CE;23;29369
CE;23;26650
CE;23;8937
CE;23;56202
CE;23;16056
CE;23;67663
CE;23;50788
CE;23;14057
CE;23;30885
CE;23;7855
CE;23;18901
CE;23;20253
CE;23;13613
CE;23;17704
CE;23;39379
CE;23;55670
RN;24;11222
RN;24;52824
RN;24;10628
RN;24;2929
RN;24;14127
RN;24;5087
RN;24;11817
RN;24;11544
RN;24;7205
RN;24;35648
RN;24;25147
RN;24;12611
RN;24;9194
RN;24;8726
RN;24;23860
RN;24;4040
RN;24;5158
RN;24;2611
RN;24;8721
RN;24;11476
RN;24;6582
RN;24;3158
RN;24;62497
RN;24;10793
RN;24;30237
RN;24;20333
RN;24;7041
RN;24;9578
RN;24;67416
RN;24;11207
RN;24;5404
RN;24;4970
RN;24;8046
RN;24;43315
RN;24;6615
RN;24;5316
RN;24;6050
RN;24;10414
RN;24;22473
RN;24;5848
RN;24;2964
RN;24;8540
RN;24;3011
RN;24;4482
RN;24;2219
RN;24;20997
RN;24;12747
RN;24;9741
RN;24;12157
RN;24;12018
RN;24;13868
RN;24;2097
RN;24;6599
RN;24;5936
RN;24;8017
RN;24;6641
RN;24;5569
RN;24;8548
RN;24;5757
RN;24;2607
RN;24;14139
RN;24;12362
RN;24;31332
RN;24;2805
RN;24;6157
RN;24;18014
RN;24;3626
RN;24;6119
RN;24;7205
RN;24;2778
RN;24;13574
RN;24;7395
RN;24;10737
RN;24;4333
RN;24;3522
RN;24;10060
RN;24;65361
RN;24;27951
RN;24;3571
RN;24;8342
RN;24;8331
RN;24;9251
RN;24;3907
RN;24;12762
RN;24;2460
RN;24;21225
RN;24;241645
RN;24;798065
RN;24;23655
RN;24;36336
RN;24;4570
RN;24;5124
RN;24;4004
RN;24;3988
RN;24;4920
RN;24;20566
RN;24;178819
RN;24;10718
RN;24;2704
RN;24;11634
RN;24;27547
RN;24;4030
RN;24;2732
RN;24;7607
RN;24;14073
RN;24;12893
RN;24;3488
RN;24;12645
RN;24;7056
RN;24;4947
RN;24;8552
RN;24;8287
RN;24;4750
RN;24;3226
RN;24;3121
RN;24;4419
RN;24;7045
RN;24;10048
RN;24;4704
RN;24;3729
RN;24;34769
RN;24;4813
RN;24;14690
RN;24;2816
RN;24;21905
RN;24;3635
RN;24;3820
RN;24;3483
RN;24;3780
RN;24;79776
RN;24;5934
RN;24;38109
RN;24;12080
RN;24;4042
RN;24;23288
RN;24;9093
RN;24;14918
RN;24;6612
RN;24;8350
RN;24;11445
RN;24;5992
RN;24;6097
RN;24;3806
RN;24;5968
RN;24;9505
RN;24;7445
RN;24;6925
RN;24;4488
RN;24;5728
RN;24;5380
RN;24;2349
RN;24;12115
RN;24;13482
RN;24;9591
RN;24;5284
RN;24;3871
RN;24;11347
RN;24;2364
RN;24;30325
RN;24;3359
RN;24;10939
RN;24;13126
RN;24;5435
RN;24;3597
RN;24;10652
RN;24;1826
RN;24;2727
PB;25;9477
PB;25;5789
PB;25;28246
PB;25;19700
PB;25;13389
PB;25;5211
PB;25;2407
PB;25;18674
PB;25;2062
PB;25;7523
PB;25;17877
PB;25;12698
PB;25;19708
PB;25;25714
PB;25;2156
PB;25;6409
PB;25;19722
PB;25;3426
PB;25;7834
PB;25;22287
PB;25;3967
PB;25;13208
PB;25;8861
PB;25;5586
PB;25;95470
PB;25;17654
PB;25;7239
PB;25;3247
PB;25;5973
PB;25;5826
PB;25;2296
PB;25;5299
PB;25;10533
PB;25;16327
PB;25;5148
PB;25;12770
PB;25;5908
PB;25;19929
PB;25;5039
PB;25;51064
PB;25;8620
PB;25;3583
PB;25;17590
PB;25;6975
PB;25;7522
PB;25;57627
PB;25;3141
PB;25;5513
PB;25;5922
PB;25;381422
PB;25;9818
PB;25;5344
PB;25;3929
PB;25;2345
PB;25;6951
PB;25;4986
PB;25;28320
PB;25;4591
PB;25;17997
PB;25;6890
PB;25;20452
PB;25;4903
PB;25;15668
PB;25;1752
PB;25;15702
PB;25;6537
PB;25;20768
PB;25;6685
PB;25;7250
PB;25;5622
PB;25;2858
PB;25;4938
PB;25;8152
PB;25;6772
PB;25;11142
PB;25;3855
PB;25;3347
PB;25;30629
PB;25;12166
PB;25;3018
PB;25;8473
PB;25;55704
PB;25;13584
PB;25;3067
PB;25;6316
PB;25;6513
PB;25;11770
PB;25;18677
PB;25;25460
PB;25;23047
PB;25;16405
PB;25;10115
PB;25;14102
PB;25;8043
PB;25;693082
PB;25;7829
PB;25;16339
PB;25;6665
PB;25;10524
PB;25;10510
PB;25;4943
PB;25;7463
PB;25;25636
PB;25;2917
PB;25;7305
PB;25;3920
PB;25;11241
PB;25;4133
PB;25;5794
PB;25;41406
PB;25;11292
PB;25;7482
PB;25;21110
PB;25;6384
PB;25;12840
PB;25;7170
PB;25;4296
PB;25;2673
PB;25;5941
PB;25;12664
PB;25;4681
PB;25;4466
PB;25;30807
PB;25;9577
PB;25;10510
PB;25;7242
PB;25;10310
PB;25;6461
PB;25;4042
PB;25;7666
PB;25;3585
PB;25;3057
PB;25;1283
PB;25;2183
PB;25;99977
PB;25;11945
PB;25;3849
PB;25;7001
PB;25;27021
PB;25;5739
PB;25;16321
PB;25;19238
PB;25;11610
PB;25;7142
PB;25;5471
PB;25;10522
PB;25;16574
PB;25;16397
PB;25;4066
PB;25;4029
PB;25;32424
PB;25;4001
PB;25;19867
PB;25;13236
PB;25;39956
PB;25;1472
PB;25;17203
PB;25;3495
PB;25;4288
PB;25;4353
PB;25;1566
PB;25;8285
PB;25;23669
PB;25;3456
PB;25;12876
PB;25;7214
PB;25;6664
PB;25;6200
PB;25;3810
PB;25;14695
PB;25;125858
PB;25;4777
PB;25;5770
PB;25;7829
PB;25;2734
PB;25;2718
PB;25;4159
PB;25;29992
PB;25;2794
PB;25;2329
PB;25;3540
PB;25;4565
PB;25;18276
PB;25;4707
PB;25;8029
PB;25;6108
PB;25;5055
PB;25;19424
PB;25;4780
PB;25;3266
PB;25;1692
PB;25;4098
PB;25;4088
PB;25;5631
PB;25;8006
PB;25;6749
PB;25;11208
PB;25;3147
PB;25;47690
PB;25;10007
PB;25;3223
PB;25;12762
PB;25;3122
PB;25;7865
PB;25;6790
PB;25;4325
PB;25;7543
PB;25;28149
PB;25;13489
PB;25;3045
PB;25;65568
PB;25;16908
PB;25;15124
PB;25;14414
PB;25;14064
PB;25;2882
PB;25;9891
PB;25;14855
PB;25;9433
PB;25;2522
PB;25;4890
PB;25;3344
PB;25;2080
PE;26;95670
PE;26;35314
PE;26;17233
PE;26;22371
PE;26;30606
PE;26;39421
PE;26;14704
PE;26;35446
PE;26;22418
PE;26;20600
PE;26;10272
PE;26;17276
PE;26;79104
PE;26;67458
PE;26;13384
PE;26;43502
PE;26;9797
PE;26;21254
PE;26;73590
PE;26;11955
PE;26;58310
PE;26;34712
PE;26;44991
PE;26;40592
PE;26;40578
PE;26;9707
PE;26;7366
PE;26;41898
PE;26;13530
PE;26;52466
PE;26;169986
PE;26;30113
PE;26;18037
PE;26;26197
PE;26;11637
PE;26;7900
PE;26;141973
PE;26;16452
PE;26;8186
PE;26;24874
PE;26;19916
PE;26;19035
PE;26;12270
PE;26;67727
PE;26;294558
PE;26;14675
PE;26;34907
PE;26;10678
PE;26;12094
PE;26;17984
PE;26;24180
PE;26;16733
PE;26;11812
PE;26;15099
PE;26;22764
PE;26;33537
PE;26;16284
PE;26;62163
PE;26;31236
PE;26;19957
PE;26;3012
PE;26;11397
PE;26;22846
PE;26;27809
PE;26;14692
PE;26;27489
PE;26;130154
PE;26;28243
PE;26;74182
PE;26;6882
PE;26;74548
PE;26;18304
PE;26;28605
PE;26;7803
PE;26;98601
PE;26;12322
PE;26;18412
PE;26;14605
PE;26;4565
PE;26;74059
PE;26;26973
PE;26;4297
PE;26;27576
PE;26;36049
PE;26;14140
PE;26;24026
PE;26;15468
PE;26;678346
PE;26;12560
PE;26;15311
PE;26;14342
PE;26;29634
PE;26;16458
PE;26;10965
PE;26;14274
PE;26;15396
PE;26;15044
PE;26;20593
PE;26;12136
PE;26;16454
PE;26;22121
PE;26;34595
PE;26;57203
PE;26;23907
PE;26;11662
PE;26;17639
PE;26;12473
PE;26;13757
PE;26;10643
PE;26;55102
PE;26;30122
PE;26;394850
PE;26;22244
PE;26;13968
PE;26;66077
PE;26;58584
PE;26;8586
PE;26;25555
PE;26;12256
PE;26;19813
PE;26;28598
PE;26;47337
PE;26;314302
PE;26;20754
PE;26;63878
PE;26;32105
PE;26;276174
PE;26;11482
PE;26;22253
PE;26;12291
PE;26;25301
PE;26;7097
PE;26;1549980
PE;26;18871
PE;26;39548
PE;26;21735
PE;26;14155
PE;26;8120
PE;26;55119
PE;26;15509
PE;26;18473
PE;26;14466
PE;26;12096
PE;26;78410
PE;26;14465
PE;26;41329
PE;26;12840
PE;26;10198
PE;26;9989
PE;26;49038
PE;26;36094
PE;26;21886
PE;26;21700
PE;26;18143
PE;26;33916
PE;26;31601
PE;26;99136
PE;26;17223
PE;26;79484
PE;26;18869
PE;26;35546
PE;26;38122
PE;26;6073
PE;26;56238
PE;26;26947
PE;26;12344
PE;26;21770
PE;26;18854
PE;26;22404
PE;26;6735
PE;26;9596
PE;26;52291
PE;26;32169
PE;26;13194
PE;26;25869
PE;26;15724
PE;26;19207
PE;26;8600
PE;26;16417
PE;26;9989
PE;26;7570
PE;26;17899
PE;26;27993
PE;26;125681
PE;26;14779
AL;27;19882
AL;27;17765
AL;27;208447
AL;27;51903
AL;27;14159
AL;27;7467
AL;27;16735
AL;27;5165
AL;27;7452
AL;27;25882
AL;27;12142
AL;27;10131
AL;27;20670
AL;27;6187
AL;27;46671
AL;27;9845
AL;27;18313
AL;27;17504
AL;27;8295
AL;27;7143
AL;27;11217
AL;27;19946
AL;27;5493
AL;27;52584
AL;27;23079
AL;27;47991
AL;27;11196
AL;27;17180
AL;27;21790
AL;27;4503
AL;27;12271
AL;27;36250
AL;27;15805
AL;27;25860
AL;27;23606
AL;27;18144
AL;27;5890
AL;27;7076
AL;27;7686
AL;27;6112
AL;27;11741
AL;27;22366
AL;27;4700
AL;27;25175
AL;27;18378
AL;27;26236
AL;27;924143
AL;27;19369
AL;27;4129
AL;27;26520
AL;27;10452
AL;27;46565
AL;27;14249
AL;27;25304
AL;27;25376
AL;27;15547
AL;27;5306
AL;27;7293
AL;27;26731
AL;27;12266
AL;27;20465
AL;27;8388
AL;27;4956
AL;27;10828
AL;27;11381
AL;27;5024
AL;27;72202
AL;27;24537
AL;27;10505
AL;27;10027
AL;27;14225
AL;27;7752
AL;27;60750
AL;27;17980
AL;27;32546
AL;27;3218
AL;27;24651
AL;27;12544
AL;27;10620
AL;27;25870
AL;27;18459
AL;27;11607
AL;27;67359
AL;27;6881
AL;27;7468
AL;27;43527
AL;27;12002
AL;27;7020
AL;27;22941
AL;27;31032
AL;27;32588
AL;27;53070
AL;27;7445
AL;27;31922
AL;27;14584
AL;27;13015
AL;27;5848
AL;27;18695
AL;27;41498
AL;27;25650
AL;27;62395
AL;27;26799
SE;28;2261
SE;28;19762
SE;28;536785
SE;28;11980
SE;28;16568
SE;28;19809
SE;28;25190
SE;28;8001
SE;28;16612
SE;28;4023
SE;28;22534
SE;28;28756
SE;28;19543
SE;28;12317
SE;28;5513
SE;28;16365
SE;28;3852
SE;28;4341
SE;28;63206
SE;28;5805
SE;28;12969
SE;28;11949
SE;28;2862
SE;28;5716
SE;28;8855
SE;28;17677
SE;28;85725
SE;28;38565
SE;28;4863
SE;28;29010
SE;28;15920
SE;28;13944
SE;28;91696
SE;28;24626
SE;28;6489
SE;28;3775
SE;28;12074
SE;28;15583
SE;28;11230
SE;28;13620
SE;28;7438
SE;28;19466
SE;28;30466
SE;28;24529
SE;28;6469
SE;28;153253
SE;28;8770
SE;28;12756
SE;28;2858
SE;28;8643
SE;28;5761
SE;28;8488
SE;28;29879
SE;28;21721
SE;28;27311
SE;28;28437
SE;28;19567
SE;28;9369
SE;28;16137
SE;28;8799
SE;28;19095
SE;28;13430
SE;28;3962
SE;28;6799
SE;28;12013
SE;28;74189
SE;28;10443
SE;28;2965
SE;28;3782
SE;28;38232
SE;28;7856
SE;28;2940
SE;28;48733
SE;28;13252
SE;28;21195
BA;29;8851
BA;29;18362
BA;29;15123
BA;29;15354
BA;29;15284
BA;29;5361
BA;29;137202
BA;29;20320
BA;29;6742
BA;29;34918
BA;29;24192
BA;29;16723
BA;29;25823
BA;29;14554
BA;29;14359
BA;29;15157
BA;29;9707
BA;29;17268
BA;29;12509
BA;29;11107
BA;29;18570
BA;29;7601
BA;29;12108
BA;29;14437
BA;29;54092
BA;29;9858
BA;29;10986
BA;29;8788
BA;29;14559
BA;29;14019
BA;29;21704
BA;29;11166
BA;29;49705
BA;29;20918
BA;29;32419
BA;29;14458
BA;29;6071
BA;29;135650
BA;29;13990
BA;29;6626
BA;29;13722
BA;29;22336
BA;29;15427
BA;29;14307
BA;29;15916
BA;29;18323
BA;29;65148
BA;29;10588
BA;29;13738
BA;29;14205
BA;29;22502
BA;29;11186
BA;29;12726
BA;29;9703
BA;29;11083
BA;29;64417
BA;29;20687
BA;29;19349
BA;29;10023
BA;29;18302
BA;29;33495
BA;29;22282
BA;29;10417
BA;29;12389
BA;29;47774
BA;29;18119
BA;29;14438
BA;29;13697
BA;29;31133
BA;29;227955
BA;29;32981
BA;29;27686
BA;29;67582
BA;29;11016
BA;29;25557
BA;29;36911
BA;29;9157
BA;29;81306
BA;29;12766
BA;29;27327
BA;29;33920
BA;29;15229
BA;29;12748
BA;29;26877
BA;29;10659
BA;29;21945
BA;29;8570
BA;29;29988
BA;29;65747
BA;29;25052
BA;29;3972
BA;29;50470
BA;29;8749
BA;29;17928
BA;29;10952
BA;29;31774
BA;29;15634
BA;29;22812
BA;29;17908
BA;29;19891
BA;29;18076
BA;29;63318
BA;29;28552
BA;29;22929
BA;29;17000
BA;29;3924
BA;29;23797
BA;29;8826
BA;29;14931
BA;29;18540
BA;29;32784
BA;29;14127
BA;29;5651
BA;29;20179
BA;29;14140
BA;29;56766
BA;29;33929
BA;29;12611
BA;29;56600
BA;29;11518
BA;29;3936
BA;29;8159
BA;29;21875
BA;29;40276
BA;29;10809
BA;29;32593
BA;29;58746
BA;29;98194
BA;29;19588
BA;29;6537
BA;29;584497
BA;29;16319
BA;29;5804
BA;29;10489
BA;29;21827
BA;29;31410
BA;29;4537
BA;29;11829
BA;29;14223
BA;29;6581
BA;29;20539
BA;29;9216
BA;29;79190
BA;29;23105
BA;29;14575
BA;29;28616
BA;29;9372
BA;29;24989
BA;29;16643
BA;29;16353
BA;29;17466
BA;29;14327
BA;29;5229
BA;29;24052
BA;29;7825
BA;29;24582
BA;29;16471
BA;29;19286
BA;29;26228
BA;29;6101
BA;29;14944
BA;29;13436
BA;29;29070
BA;29;219710
BA;29;36084
BA;29;15694
BA;29;43749
BA;29;61439
BA;29;9259
BA;29;7550
BA;29;15291
BA;29;23867
BA;29;25771
BA;29;65310
BA;29;26636
BA;29;61302
BA;29;212245
BA;29;26348
BA;29;14614
BA;29;14217
BA;29;16659
BA;29;7181
BA;29;13097
BA;29;7794
BA;29;20695
BA;29;67517
BA;29;8747
BA;29;35106
BA;29;6841
BA;29;21188
BA;29;20641
BA;29;11013
BA;29;11931
BA;29;65904
BA;29;32100
BA;29;10385
BA;29;7761
BA;29;18254
BA;29;15266
BA;29;16538
BA;29;36890
BA;29;20841
BA;29;18621
BA;29;24185
BA;29;11954
BA;29;9032
BA;29;14656
BA;29;78842
BA;29;48097
BA;29;30222
BA;29;17074
BA;29;10027
BA;29;150351
BA;29;38924
BA;29;13771
BA;29;16816
BA;29;21726
BA;29;237627
BA;29;10698
BA;29;15229
BA;29;6980
BA;29;8356
BA;29;3561
BA;29;14359
BA;29;21957
BA;29;3585
BA;29;4461
BA;29;8923
BA;29;12682
BA;29;26461
BA;29;153016
BA;29;10008
BA;29;13135
BA;29;43994
BA;29;48977
BA;29;11522
BA;29;16735
BA;29;47991
BA;29;7913
BA;29;16354
BA;29;8432
BA;29;8713
BA;29;19752
BA;29;16647
BA;29;7753
BA;29;14389
BA;29;12142
BA;29;35617
BA;29;43620
BA;29;17386
BA;29;11043
BA;29;16557
BA;29;38962
BA;29;12976
BA;29;22629
BA;29;27850
BA;29;12100
BA;29;18436
BA;29;8876
BA;29;53577
BA;29;8853
BA;29;35009
BA;29;14508
BA;29;14629
BA;29;34836
BA;29;14006
BA;29;24895
BA;29;7214
BA;29;10547
BA;29;27866
BA;29;21935
BA;29;27350
BA;29;13092
BA;29;12599
BA;29;19866
BA;29;7930
BA;29;7047
BA;29;7762
BA;29;9262
BA;29;26666
BA;29;36032
BA;29;10860
BA;29;14666
BA;29;24516
BA;29;23436
BA;29;8081
BA;29;16933
BA;29;21896
BA;29;8358
BA;29;20756
BA;29;29693
BA;29;29459
BA;29;12418
BA;29;105837
BA;29;14683
BA;29;7525
BA;29;17643
BA;29;18532
BA;29;34144
BA;29;15759
BA;29;20873
BA;29;10831
BA;29;8975
BA;29;13597
BA;29;25612
BA;29;8802
BA;29;22127
BA;29;46224
BA;29;31687
BA;29;14974
BA;29;120460
BA;29;10123
BA;29;26082
BA;29;14264
BA;29;14039
BA;29;23817
BA;29;28368
BA;29;28001
BA;29;9624
BA;29;23893
BA;29;39415
BA;29;12446
BA;29;23309
BA;29;33326
BA;29;30444
BA;29;14566
BA;29;49024
BA;29;14612
BA;29;13823
BA;29;14926
BA;29;11659
BA;29;37675
BA;29;7341
BA;29;30316
BA;29;13850
BA;29;2948733
BA;29;20242
BA;29;15781
BA;29;6502
BA;29;26051
BA;29;10833
BA;29;15615
BA;29;41745
BA;29;27224
BA;29;10382
BA;29;35029
BA;29;26990
BA;29;9558
BA;29;57675
BA;29;87776
BA;29;46360
BA;29;26742
BA;29;9130
BA;29;20902
BA;29;15987
BA;29;13352
BA;29;31219
BA;29;19050
BA;29;30401
BA;29;6270
BA;29;10965
BA;29;10623
BA;29;41624
BA;29;17041
BA;29;18779
BA;29;11507
BA;29;12284
BA;29;41952
BA;29;11231
BA;29;75393
BA;29;38181
BA;29;31909
BA;29;17887
BA;29;15971
BA;29;73655
BA;29;12572
BA;29;114649
BA;29;13064
BA;29;14122
BA;29;21978
BA;29;18992
BA;29;12620
BA;29;20142
BA;29;16338
BA;29;7842
BA;29;19081
BA;29;17817
BA;29;123858
BA;29;8490
BA;29;21382
BA;29;12798
BA;29;12620
BA;29;18706
BA;29;49972
BA;29;25257
BA;29;21368
BA;29;20678
BA;29;25952
BA;29;14160
BA;29;16834
BA;29;25287
BA;29;16282
BA;29;22984
BA;29;20132
BA;29;88542
BA;29;22489
BA;29;15040
BA;29;8908
BA;29;14357
BA;29;9386
BA;29;36843
BA;29;7361
BA;29;313898
BA;29;8830
BA;29;13300
BA;29;24740
BA;29;47251
MG;31;6777
MG;31;23193
MG;31;13204
MG;31;4206
MG;31;11425
MG;31;16764
MG;31;2159
MG;31;4248
MG;31;19189
MG;31;13179
MG;31;24871
MG;31;6239
MG;31;2917
MG;31;2966
MG;31;34527
MG;31;74505
MG;31;6194
MG;31;38269
MG;31;7231
MG;31;18486
MG;31;13744
MG;31;5257
MG;31;8160
MG;31;12889
MG;31;4611
MG;31;15682
MG;31;3585
MG;31;5377
MG;31;36320
MG;31;12374
MG;31;8475
MG;31;11563
MG;31;9647
MG;31;2046
MG;31;2491
MG;31;1905
MG;31;37262
MG;31;110334
MG;31;2575
MG;31;8296
MG;31;6414
MG;31;2777
MG;31;7560
MG;31;91703
MG;31;8239
MG;31;36133
MG;31;13723
MG;31;3065
MG;31;5062
MG;31;18126
MG;31;12998
MG;31;15322
MG;31;4655
MG;31;18646
MG;31;8549
MG;31;22554
MG;31;5507
MG;31;5294
MG;31;27660
MG;31;5755
MG;31;127328
MG;31;7102
MG;31;20093
MG;31;10296
MG;31;3114
MG;31;2434642
MG;31;22289
MG;31;7472
MG;31;13659
MG;31;4595
MG;31;4752
MG;31;429507
MG;31;3932
MG;31;14180
MG;31;2642
MG;31;39082
MG;31;5198
MG;31;46306
MG;31;43898
MG;31;6661
MG;31;3941
MG;31;5663
MG;31;15541
MG;31;10806
MG;31;17750
MG;31;6904
MG;31;5927
MG;31;9187
MG;31;15420
MG;31;15284
MG;31;6582
MG;31;4665
MG;31;13406
MG;31;32262
MG;31;14807
MG;31;5344
MG;31;33693
MG;31;11195
MG;31;9704
MG;31;4085
MG;31;22290
MG;31;26981
MG;31;6542
MG;31;14024
MG;31;3924
MG;31;11194
MG;31;9450
MG;31;2570
MG;31;9911
MG;31;40634
MG;31;4702
MG;31;4117
MG;31;14491
MG;31;3260
MG;31;20212
MG;31;26070
MG;31;12909
MG;31;3728
MG;31;15790
MG;31;20843
MG;31;19207
MG;31;11840
MG;31;3982
MG;31;53280
MG;31;6945
MG;31;13646
MG;31;27853
MG;31;5897
MG;31;4798
MG;31;11760
MG;31;16125
MG;31;4108
MG;31;4996
MG;31;4693
MG;31;34345
MG;31;7341
MG;31;9155
MG;31;15903
MG;31;5018
MG;31;14682
MG;31;7858
MG;31;9135
MG;31;22278
MG;31;3549
MG;31;23097
MG;31;33091
MG;31;84825
MG;31;10623
MG;31;6247
MG;31;21302
MG;31;2671
MG;31;12028
MG;31;11358
MG;31;14236
MG;31;19779
MG;31;31843
MG;31;20055
MG;31;16425
MG;31;9129
MG;31;4158
MG;31;3355
MG;31;4739
MG;31;2143
MG;31;2911
MG;31;17572
MG;31;69955
MG;31;4747
MG;31;3550
MG;31;6704
MG;31;5465
MG;31;21514
MG;31;1228
MG;31;6801
MG;31;10536
MG;31;2728
MG;31;5609
MG;31;15963
MG;31;10995
MG;31;2975
MG;31;6770
MG;31;4437
MG;31;8377
MG;31;25640
MG;31;7151
MG;31;9559
MG;31;3217
MG;31;8790
MG;31;10649
MG;31;4075
MG;31;21510
MG;31;2813
MG;31;4536
MG;31;18558
MG;31;4863
MG;31;13164
MG;31;10697
MG;31;6449
MG;31;5966
MG;31;10127
MG;31;48066
MG;31;5299
MG;31;6851
MG;31;113576
MG;31;22482
MG;31;1747
MG;31;617749
MG;31;9743
MG;31;27003
MG;31;9385
MG;31;3710
MG;31;23206
MG;31;11109
MG;31;28240
MG;31;104415
MG;31;9404
MG;31;2473
MG;31;3295
MG;31;3827
MG;31;3496
MG;31;5873
MG;31;3188
MG;31;4512
MG;31;5885
MG;31;11115
MG;31;5930
MG;31;5031
MG;31;11381
MG;31;4752
MG;31;3884
MG;31;15236
MG;31;4547
MG;31;7251
MG;31;74409
MG;31;5639
MG;31;8052
MG;31;6924
MG;31;7016
MG;31;5075
MG;31;7145
MG;31;3296
MG;31;46212
MG;31;4060
MG;31;10560
MG;31;3391
MG;31;19959
MG;31;5084
MG;31;6973
MG;31;213277
MG;31;6108
MG;31;5806
MG;31;8285
MG;31;3862
MG;31;5784
MG;31;4649
MG;31;5457
MG;31;3112
MG;31;5771
MG;31;9692
MG;31;5721
MG;31;14380
MG;31;4684
MG;31;1558
MG;31;1912
MG;31;7139
MG;31;25218
MG;31;10772
MG;31;7299
MG;31;5068
MG;31;14426
MG;31;18699
MG;31;58307
MG;31;21529
MG;31;32349
MG;31;4445
MG;31;11337
MG;31;3772
MG;31;7394
MG;31;2551
MG;31;10684
MG;31;3673
MG;31;26436
MG;31;2270
MG;31;3725
MG;31;5857
MG;31;6957
MG;31;14158
MG;31;2701
MG;31;11615
MG;31;10662
MG;31;6152
MG;31;66834
MG;31;6831
MG;31;3968
MG;31;2533
MG;31;10585
MG;31;4945
MG;31;25788
MG;31;5737
MG;31;6591
MG;31;9246
MG;31;3468
MG;31;15096
MG;31;4977
MG;31;6464
MG;31;54094
MG;31;3801
MG;31;7539
MG;31;5384
MG;31;3046
MG;31;3193
MG;31;3800
MG;31;4423
MG;31;5783
MG;31;11915
MG;31;261981
MG;31;15100
MG;31;1461
MG;31;30401
MG;31;13500
MG;31;10776
MG;31;4708
MG;31;18649
MG;31;9915
MG;31;4123
MG;31;6772
MG;31;49509
MG;31;7526
MG;31;7240
MG;31;9137
MG;31;6294
MG;31;6241
MG;31;11344
MG;31;5204
MG;31;22899
MG;31;7852
MG;31;5996
MG;31;11476
MG;31;155290
MG;31;3499
MG;31;2923
MG;31;10792
MG;31;32967
MG;31;8894
MG;31;7784
MG;31;5950
MG;31;11717
MG;31;6578
MG;31;7585
MG;31;7724
MG;31;6556
MG;31;2574
MG;31;24967
MG;31;5535
MG;31;6663
MG;31;15351
MG;31;17778
MG;31;241720
MG;31;4345
MG;31;9501
MG;31;6545
MG;31;109380
MG;31;10734
MG;31;43314
MG;31;5238
MG;31;18200
MG;31;12812
MG;31;11958
MG;31;89730
MG;31;33219
MG;31;4194
MG;31;23338
MG;31;2490
MG;31;11181
MG;31;14398
MG;31;15047
MG;31;12294
MG;31;21603
MG;31;14755
MG;31;21220
MG;31;8013
MG;31;9292
MG;31;15123
MG;31;85070
MG;31;5813
MG;31;15137
MG;31;6038
MG;31;96122
MG;31;6647
MG;31;32845
MG;31;4166
MG;31;16248
MG;31;12856
MG;31;7429
MG;31;21215
MG;31;2860
MG;31;31758
MG;31;5109
MG;31;67941
MG;31;67206
MG;31;3832
MG;31;8504
MG;31;6047
MG;31;7178
MG;31;13276
MG;31;8182
MG;31;5706
MG;31;24879
MG;31;4972
MG;31;15391
MG;31;5669
MG;31;74576
MG;31;44834
MG;31;4069
MG;31;11209
MG;31;4669
MG;31;4344
MG;31;4604
MG;31;20567
MG;31;520612
MG;31;4092
MG;31;8597
MG;31;6276
MG;31;17082
MG;31;7864
MG;31;46276
MG;31;4586
MG;31;12202
MG;31;17069
MG;31;9074
MG;31;47287
MG;31;17865
MG;31;19167
MG;31;3651
MG;31;6532
MG;31;6647
MG;31;91333
MG;31;3011
MG;31;5111
MG;31;51452
MG;31;5438
MG;31;16434
MG;31;6739
MG;31;8274
MG;31;6470
MG;31;6676
MG;31;5528
MG;31;17756
MG;31;7061
MG;31;39109
MG;31;5136
MG;31;18296
MG;31;6458
MG;31;21413
MG;31;77598
MG;31;20866
MG;31;27536
MG;31;11566
MG;31;7137
MG;31;14646
MG;31;53989
MG;31;4401
MG;31;11899
MG;31;2947
MG;31;3819
MG;31;3171
MG;31;12593
MG;31;6625
MG;31;7742
MG;31;4782
MG;31;26631
MG;31;3540
MG;31;13738
MG;31;10819
MG;31;16963
MG;31;12989
MG;31;34789
MG;31;3797
MG;31;3367
MG;31;21181
MG;31;6652
MG;31;10832
MG;31;6659
MG;31;31557
MG;31;3684
MG;31;13198
MG;31;10575
MG;31;13418
MG;31;4927
MG;31;4652
MG;31;6998
MG;31;2338
MG;31;7591
MG;31;16265
MG;31;18969
MG;31;22949
MG;31;12889
MG;31;45819
MG;31;4897
MG;31;20616
MG;31;19970
MG;31;358271
MG;31;7580
MG;31;8650
MG;31;2968
MG;31;3547
MG;31;6446
MG;31;99006
MG;31;27105
MG;31;20458
MG;31;3028
MG;31;41389
MG;31;6107
MG;31;3371
MG;31;4764
MG;31;8023
MG;31;25141
MG;31;10884
MG;31;3625
MG;31;18517
MG;31;75530
MG;31;3969
MG;31;12233
MG;31;7583
MG;31;14623
MG;31;65176
MG;31;5636
MG;31;31264
MG;31;10698
MG;31;5092
MG;31;2465
MG;31;5244
MG;31;2619
MG;31;39063
MG;31;1971
MG;31;3118
MG;31;4525
MG;31;7026
MG;31;35029
MG;31;32365
MG;31;69251
MG;31;7128
MG;31;6092
MG;31;18774
MG;31;6186
MG;31;4696
MG;31;8420
MG;31;1683
MG;31;6249
MG;31;7010
MG;31;15124
MG;31;83282
MG;31;82850
MG;31;20307
MG;31;18734
MG;31;23146
MG;31;15821
MG;31;8762
MG;31;2136
MG;31;1838
MG;31;106735
MG;31;5538
MG;31;138466
MG;31;85293
MG;31;5548
MG;31;9377
MG;31;5016
MG;31;9140
MG;31;17691
MG;31;3752
MG;31;4058
MG;31;25798
MG;31;6709
MG;31;2203
MG;31;11422
MG;31;11606
MG;31;3568
MG;31;58635
MG;31;1692
MG;31;3089
MG;31;4434
MG;31;7757
MG;31;14572
MG;31;20105
MG;31;7193
MG;31;4185
MG;31;3061
MG;31;6795
MG;31;4254
MG;31;4892
MG;31;4721
MG;31;8466
MG;31;4169
MG;31;8075
MG;31;6765
MG;31;3940
MG;31;17773
MG;31;5292
MG;31;8156
MG;31;10588
MG;31;53433
MG;31;10959
MG;31;25708
MG;31;32253
MG;31;10882
MG;31;15858
MG;31;150095
MG;31;8896
MG;31;29595
MG;31;57482
MG;31;11380
MG;31;4227
MG;31;37877
MG;31;10857
MG;31;15206
MG;31;126100
MG;31;6516
MG;31;8487
MG;31;26573
MG;31;8846
MG;31;3386
MG;31;5857
MG;31;4382
MG;31;3075
MG;31;18892
MG;31;9239
MG;31;3325
MG;31;1888
MG;31;15418
MG;31;24596
MG;31;10514
MG;31;6599
MG;31;10894
MG;31;17563
MG;31;4720
MG;31;8401
MG;31;9691
MG;31;340033
MG;31;3912
MG;31;4506
MG;31;8597
MG;31;14846
MG;31;2626
MG;31;6753
MG;31;5212
MG;31;9238
MG;31;11049
MG;31;29719
MG;31;14792
MG;31;17279
MG;31;5590
MG;31;15314
MG;31;5178
MG;31;2117
MG;31;6481
MG;31;3649
MG;31;4320
MG;31;8300
MG;31;9845
MG;31;125285
MG;31;16334
MG;31;22965
MG;31;38628
MG;31;7127
MG;31;27277
MG;31;7717
MG;31;2942
MG;31;4601
MG;31;7618
MG;31;5408
MG;31;5331
MG;31;4605
MG;31;4138
MG;31;6096
MG;31;11254
MG;31;227438
MG;31;14716
MG;31;10785
MG;31;5942
MG;31;14889
MG;31;9335
MG;31;3850
MG;31;5813
MG;31;5967
MG;31;5774
MG;31;35724
MG;31;3383
MG;31;15858
MG;31;7256
MG;31;3749
MG;31;8808
MG;31;3961
MG;31;2186
MG;31;4691
MG;31;8384
MG;31;24105
MG;31;4346
MG;31;4120
MG;31;17951
MG;31;3595
MG;31;4355
MG;31;4648
MG;31;11532
MG;31;25694
MG;31;7052
MG;31;1798
MG;31;3659
MG;31;47240
MG;31;4628
MG;31;3625
MG;31;5402
MG;31;17852
MG;31;3484
MG;31;54846
MG;31;6403
MG;31;5314
MG;31;5690
MG;31;9656
MG;31;4883
MG;31;3408
MG;31;6447
MG;31;10949
MG;31;9627
MG;31;3243
MG;31;23523
MG;31;32145
MG;31;4921
MG;31;2962
MG;31;26915
MG;31;11179
MG;31;84930
MG;31;9781
MG;31;5068
MG;31;8169
MG;31;4174
MG;31;22635
MG;31;7117
MG;31;16199
MG;31;25960
MG;31;23462
MG;31;6999
MG;31;18855
MG;31;4056
MG;31;3994
MG;31;4045
MG;31;3882
MG;31;5773
MG;31;7199
MG;31;2562
MG;31;42185
MG;31;7058
MG;31;5412
MG;31;5944
MG;31;9109
MG;31;9541
MG;31;6308
MG;31;5115
MG;31;2851
MG;31;5639
MG;31;12062
MG;31;5597
MG;31;64250
MG;31;1743
MG;31;2264
MG;31;6880
MG;31;10616
MG;31;7100
MG;31;6496
MG;31;5996
MG;31;5416
MG;31;24828
MG;31;3012
MG;31;5198
MG;31;2076
MG;31;7296
MG;31;1905
MG;31;5117
MG;31;5857
MG;31;3627
MG;31;10544
MG;31;7318
MG;31;1812
MG;31;889
MG;31;10657
MG;31;8629
MG;31;4456
MG;31;7582
MG;31;4721
MG;31;2126
MG;31;21494
MG;31;221764
MG;31;11383
MG;31;2190
MG;31;6228
MG;31;2585
MG;31;17849
MG;31;6137
MG;31;5740
MG;31;4118
MG;31;30986
MG;31;3347
MG;31;3720
MG;31;1891
MG;31;3910
MG;31;14588
MG;31;12101
MG;31;130521
MG;31;79100
MG;31;6859
MG;31;7627
MG;31;16290
MG;31;4063
MG;31;5967
MG;31;9147
MG;31;74859
MG;31;27648
MG;31;53901
MG;31;6169
MG;31;23792
MG;31;17939
MG;31;4952
MG;31;98423
MG;31;12348
MG;31;12489
MG;31;292377
MG;31;622441
MG;31;2849
MG;31;77433
MG;31;4730
MG;31;2797
MG;31;10499
MG;31;11971
MG;31;6808
MG;31;2148
MG;31;4884
MG;31;120691
MG;31;6356
MG;31;35907
MG;31;19731
MG;31;19954
MG;31;8396
MG;31;5976
MG;31;3890
MG;31;4690
MG;31;99557
MG;31;73362
MG;31;3908
MG;31;14602
MG;31;8565
MG;31;11241
MG;31;5851
MG;31;36826
MG;31;5362
MG;31;2576
ES;32;31489
ES;32;12163
ES;32;9520
ES;32;31222
ES;32;14507
ES;32;6251
ES;32;20144
ES;32;7864
ES;32;77414
ES;32;9272
ES;32;29722
ES;32;41301
ES;32;13182
ES;32;9638
ES;32;11161
ES;32;198962
ES;32;362277
ES;32;33197
ES;32;110713
ES;32;27029
ES;32;11773
ES;32;4997
ES;32;32304
ES;32;6288
ES;32;23919
ES;32;16125
ES;32;10324
ES;32;26648
ES;32;103113
ES;32;20370
ES;32;10679
ES;32;9243
ES;32;11872
ES;32;10708
ES;32;14212
ES;32;32354
ES;32;10746
ES;32;26248
ES;32;23125
ES;32;11146
ES;32;14697
ES;32;11126
ES;32;130901
ES;32;11692
ES;32;32351
ES;32;13208
ES;32;10615
ES;32;27059
ES;32;18723
ES;32;5914
ES;32;18497
ES;32;14322
ES;32;46080
ES;32;18690
ES;32;24196
ES;32;23656
ES;32;17019
ES;32;7161
ES;32;10786
ES;32;17174
ES;32;11440
ES;32;12727
ES;32;33468
ES;32;20747
ES;32;8150
ES;32;30255
ES;32;10929
ES;32;100655
ES;32;10786
ES;32;397226
ES;32;23268
ES;32;18534
ES;32;19684
ES;32;60191
ES;32;9059
ES;32;14044
ES;32;407579
ES;32;317817
RJ;33;164191
RJ;33;9420
RJ;33;107285
RJ;33;11797
RJ;33;27701
RJ;33;26636
RJ;33;102487
RJ;33;176469
RJ;33;495694
RJ;33;26207
RJ;33;35178
RJ;33;180635
RJ;33;56529
RJ;33;14772
RJ;33;431839
RJ;33;20491
RJ;33;11671
RJ;33;12502
RJ;33;17784
RJ;33;29811
RJ;33;8760
RJ;33;20505
RJ;33;19797
RJ;33;10848
RJ;33;864392
RJ;33;13127
RJ;33;48688
RJ;33;22199
RJ;33;225309
RJ;33;103515
RJ;33;14496
RJ;33;22522
RJ;33;98347
RJ;33;34595
RJ;33;100055
RJ;33;7996
RJ;33;188787
RJ;33;5561
RJ;33;240940
RJ;33;31848
RJ;33;119231
RJ;33;17839
RJ;33;187949
RJ;33;25704
RJ;33;26868
RJ;33;15392
RJ;33;159005
RJ;33;477912
RJ;33;178310
RJ;33;855500
RJ;33;44629
RJ;33;41315
RJ;33;35182
RJ;33;26099
RJ;33;312766
RJ;33;22129
RJ;33;25762
RJ;33;18227
RJ;33;15879
RJ;33;12923
RJ;33;137870
RJ;33;19315
RJ;33;127763
RJ;33;8686
RJ;33;91085
RJ;33;6161047
RJ;33;54596
RJ;33;18181
RJ;33;10756
RJ;33;42093
RJ;33;39057
RJ;33;47247
RJ;33;982832
RJ;33;30348
RJ;33;468309
RJ;33;7220
RJ;33;20412
RJ;33;82951
RJ;33;8998
RJ;33;17352
RJ;33;67853
RJ;33;77618
RJ;33;22158
RJ;33;15219
RJ;33;30139
RJ;33;159968
RJ;33;9934
RJ;33;75754
RJ;33;74993
RJ;33;8766
RJ;33;34024
RJ;33;259811
SP;35;34366
SP;35;3711
SP;35;31763
SP;35;7684
SP;35;16335
SP;35;5580
SP;35;2547
SP;35;35872
SP;35;4325
SP;35;4025
SP;35;3312
SP;35;15560
SP;35;4270
SP;35;16331
SP;35;3920
SP;35;23694
SP;35;4907
SP;35;2868
SP;35;203283
SP;35;5503
SP;35;32819
SP;35;65466
SP;35;4471
SP;35;56505
SP;35;22877
SP;35;5656
SP;35;3900
SP;35;37405
SP;35;4633
SP;35;25857
SP;35;13027
SP;35;181143
SP;35;26012
SP;35;5262
SP;35;6204
SP;35;2587
SP;35;199132
SP;35;113645
SP;35;2026
SP;35;7833
SP;35;3684
SP;35;11085
SP;35;8753
SP;35;42567
SP;35;78960
SP;35;1831
SP;35;97725
SP;35;125418
SP;35;14298
SP;35;5121
SP;35;11816
SP;35;83744
SP;35;13898
SP;35;4385
SP;35;8151
SP;35;10727
SP;35;2833
SP;35;6846
SP;35;32824
SP;35;5314
SP;35;7744
SP;35;36176
SP;35;112804
SP;35;26915
SP;35;264619
SP;35;21323
SP;35;56022
SP;35;355675
SP;35;77430
SP;35;2929
SP;35;10780
SP;35;42945
SP;35;7369
SP;35;109451
SP;35;29208
SP;35;13835
SP;35;10889
SP;35;9194
SP;35;43959
SP;35;17571
SP;35;3902
SP;35;834
SP;35;4377
SP;35;14376
SP;35;2312
SP;35;128397
SP;35;144066
SP;35;4985
SP;35;2550
SP;35;20190
SP;35;22300
SP;35;18112
SP;35;15482
SP;35;4059
SP;35;4400
SP;35;41839
SP;35;84406
SP;35;33999
SP;35;19233
SP;35;16699
SP;35;4130
SP;35;86698
SP;35;5334
SP;35;62522
SP;35;28987
SP;35;9939
SP;35;24003
SP;35;5532
SP;35;1056644
SP;35;73885
SP;35;46332
SP;35;4940
SP;35;12377
SP;35;4662
SP;35;30662
SP;35;2757
SP;35;4629
SP;35;46412
SP;35;16968
SP;35;45915
SP;35;94598
SP;35;388532
SP;35;11632
SP;35;28083
SP;35;2752
SP;35;16064
SP;35;114069
SP;35;7191
SP;35;8119
SP;35;17147
SP;35;37419
SP;35;14795
SP;35;15213
SP;35;12652
SP;35;6477
SP;35;17659
SP;35;6314
SP;35;24336
SP;35;16160
SP;35;20445
SP;35;5177
SP;35;5370
SP;35;4109
SP;35;57951
SP;35;7071
SP;35;179109
SP;35;30647
SP;35;7362
SP;35;2382
SP;35;79418
SP;35;127702
SP;35;23694
SP;35;30710
SP;35;394266
SP;35;1624
SP;35;11415
SP;35;8108
SP;35;25733
SP;35;2263
SP;35;9089
SP;35;43989
SP;35;12777
SP;35;8163
SP;35;6299
SP;35;14490
SP;35;15192
SP;35;3251
SP;35;2448
SP;35;245093
SP;35;61701
SP;35;3159
SP;35;13914
SP;35;42128
SP;35;4361
SP;35;9590
SP;35;8976
SP;35;2490
SP;35;10180
SP;35;14985
SP;35;5328
SP;35;63414
SP;35;1514
SP;35;175939
SP;35;2044
SP;35;2918
SP;35;13524
SP;35;2883
SP;35;327176
SP;35;155224
SP;35;129304
SP;35;2703
SP;35;6754
SP;35;43395
SP;35;4071
SP;35;4236
SP;35;10933
SP;35;10914
SP;35;4540
SP;35;11029
SP;35;4787
SP;35;38328
SP;35;17593
SP;35;20832
SP;35;19160
SP;35;8686
SP;35;9409
SP;35;2018
SP;35;6652
SP;35;29589
SP;35;26523
SP;35;112596
SP;35;14490
SP;35;34217
SP;35;304274
SP;35;1279202
SP;35;6386
SP;35;4863
SP;35;9027
SP;35;9951
SP;35;201049
SP;35;9605
SP;35;6875
SP;35;5420
SP;35;29435
SP;35;10992
SP;35;7097
SP;35;52582
SP;35;67166
SP;35;6553
SP;35;7806
SP;35;24003
SP;35;28038
SP;35;8896
SP;35;30397
SP;35;9782
SP;35;25057
SP;35;25550
SP;35;180524
SP;35;4772
SP;35;3963
SP;35;3795
SP;35;13521
SP;35;26696
SP;35;5570
SP;35;4184
SP;35;4772
SP;35;15522
SP;35;19329
SP;35;6953
SP;35;7841
SP;35;17804
SP;35;23828
SP;35;14652
SP;35;2709
SP;35;85977
SP;35;3153
SP;35;159102
SP;35;146760
SP;35;89197
SP;35;201995
SP;35;71850
SP;35;3890
SP;35;40196
SP;35;14752
SP;35;12344
SP;35;3935
SP;35;351493
SP;35;51000
SP;35;16048
SP;35;97462
SP;35;18761
SP;35;14655
SP;35;5862
SP;35;7692
SP;35;155457
SP;35;40972
SP;35;40485
SP;35;6693
SP;35;72614
SP;35;210988
SP;35;5427
SP;35;16403
SP;35;40066
SP;35;49681
SP;35;5409
SP;35;110325
SP;35;36872
SP;35;22301
SP;35;133469
SP;35;3225
SP;35;11107
SP;35;4301
SP;35;32219
SP;35;4508
SP;35;2283
SP;35;347738
SP;35;19715
SP;35;19688
SP;35;29090
SP;35;4917
SP;35;25930
SP;35;9050
SP;35;6915
SP;35;88299
SP;35;62594
SP;35;278776
SP;35;5924
SP;35;72568
SP;35;82391
SP;35;2031
SP;35;32406
SP;35;20117
SP;35;2418
SP;35;11489
SP;35;5061
SP;35;4384
SP;35;2861
SP;35;16842
SP;35;7652
SP;35;3430
SP;35;3187
SP;35;43349
SP;35;77443
SP;35;9051
SP;35;5787
SP;35;13655
SP;35;2731
SP;35;3896
SP;35;223454
SP;35;2163
SP;35;25256
SP;35;77682
SP;35;412753
SP;35;4177
SP;35;3941
SP;35;1784
SP;35;20918
SP;35;12258
SP;35;2659
SP;35;23688
SP;35;26705
SP;35;17967
SP;35;54350
SP;35;4338
SP;35;68481
SP;35;371372
SP;35;138494
SP;35;87800
SP;35;3440
SP;35;2124
SP;35;43284
SP;35;7371
SP;35;45719
SP;35;20789
SP;35;19739
SP;35;4130
SP;35;45811
SP;35;4235
SP;35;26245
SP;35;12999
SP;35;4618
SP;35;4264
SP;35;2627
SP;35;4131
SP;35;7613
SP;35;15168
SP;35;9102
SP;35;10726
SP;35;4029
SP;35;5110
SP;35;9091
SP;35;2203
SP;35;1111
SP;35;9840
SP;35;18543
SP;35;2176
SP;35;2681
SP;35;3701
SP;35;48170
SP;35;3908
SP;35;35942
SP;35;6945
SP;35;4328
SP;35;2729
SP;35;50215
SP;35;3953
SP;35;6341
SP;35;5294
SP;35;37422
SP;35;713066
SP;35;2540
SP;35;31317
SP;35;103631
SP;35;8074
SP;35;7482
SP;35;13672
SP;35;11153
SP;35;11444
SP;35;9771
SP;35;22190
SP;35;14502
SP;35;44249
SP;35;16863
SP;35;5785
SP;35;17558
SP;35;3732
SP;35;11383
SP;35;5285
SP;35;18815
SP;35;2132
SP;35;12811
SP;35;5750
SP;35;81544
SP;35;1898
SP;35;9378
SP;35;42661
SP;35;6097
SP;35;2827
SP;35;15717
SP;35;40269
SP;35;2923
SP;35;10163
SP;35;59183
SP;35;24821
SP;35;7910
SP;35;57151
SP;35;5398
SP;35;49607
SP;35;28058
SP;35;142997
SP;35;15178
SP;35;12451
SP;35;3756
SP;35;14766
SP;35;22815
SP;35;365440
SP;35;29282
SP;35;22014
SP;35;10744
SP;35;15410
SP;35;24964
SP;35;70912
SP;35;11868
SP;35;35070
SP;35;4247
SP;35;3359
SP;35;111016
SP;35;5074
SP;35;19998
SP;35;3530
SP;35;38409
SP;35;4142
SP;35;2557
SP;35;4275
SP;35;8739
SP;35;47774
SP;35;50791
SP;35;20026
SP;35;15003
SP;35;3102
SP;35;16287
SP;35;244533
SP;35;4555
SP;35;4502
SP;35;15327
SP;35;40775
SP;35;206164
SP;35;38368
SP;35;36997
SP;35;2779
SP;35;12467
SP;35;2811
SP;35;11012
SP;35;5906
SP;35;8370
SP;35;29138
SP;35;4230
SP;35;17671
SP;35;7859
SP;35;55081
SP;35;6780
SP;35;3544
SP;35;4651
SP;35;2310
SP;35;11810
SP;35;18867
SP;35;4188
SP;35;7035
SP;35;111402
SP;35;558136
SP;35;3783
SP;35;10807
SP;35;9473
SP;35;28036
SP;35;189834
SP;35;41215
SP;35;10365
SP;35;6588
SP;35;19428
SP;35;9446
SP;35;2633
SP;35;2614
SP;35;5381
SP;35;2349
SP;35;5325
SP;35;8149
SP;35;15897
SP;35;4748
SP;35;7029
SP;35;108471
SP;35;39224
SP;35;8926
SP;35;3362
SP;35;14448
SP;35;5052
SP;35;187908
SP;35;13811
SP;35;2141
SP;35;4099
SP;35;1741
SP;35;32861
SP;35;43279
SP;35;5634
SP;35;28966
SP;35;20568
SP;35;46645
SP;35;8133
SP;35;5809
SP;35;2617
SP;35;2521
SP;35;27447
SP;35;23824
SP;35;1441
SP;35;1643
SP;35;110730
SP;35;21195
SP;35;671696
SP;35;6296
SP;35;20973
SP;35;7303
SP;35;5824
SP;35;6849
SP;35;2918
SP;35;4199
SP;35;417518
SP;35;10918
SP;35;801580
SP;35;151103
SP;35;218080
SP;35;2893
SP;35;83369
SP;35;2635
SP;35;1798
SP;35;2191
SP;35;45782
SP;35;8479
SP;35;4461
SP;35;53025
SP;35;414272
SP;35;609229
SP;35;17763
SP;35;10872
SP;35;39434
SP;35;31304
SP;35;10990249
SP;35;31257
SP;35;7393
SP;35;67669
SP;35;72236
SP;35;12951
SP;35;14280
SP;35;328522
SP;35;8534
SP;35;3789
SP;35;3059
SP;35;9880
SP;35;25741
SP;35;38956
SP;35;109565
SP;35;13211
SP;35;15523
SP;35;5803
SP;35;34312
SP;35;576312
SP;35;8075
SP;35;237135
SP;35;3714
SP;35;279394
SP;35;11851
SP;35;14712
SP;35;224757
SP;35;5637
SP;35;10542
SP;35;6053
SP;35;5509
SP;35;22564
SP;35;24424
SP;35;8052
SP;35;12469
SP;35;2953
SP;35;55372
SP;35;22978
SP;35;5446
SP;35;6406
SP;35;13151
SP;35;107651
SP;35;270918
SP;35;5096
SP;35;21107
SP;35;8545
SP;35;35821
SP;35;2567
SP;35;3058
SP;35;9245
SP;35;1507
SP;35;40601
SP;35;5167
SP;35;6165
SP;35;64078
SP;35;14298
SP;35;2028
SP;35;1998
SP;35;4799
SP;35;79834
SP;35;4446
SP;35;9753
SP;35;1508
SP;35;8998
SP;35;1397
SP;35;12347
SP;35;9952
SP;35;105282
SP;35;22165
SP;35;7092
SP;35;38925
SP;35;43664
SP;35;105954
SP;35;10065
SP;35;62240
SP;35;17924
SP;35;6682
SP;35;1664
SP;35;104413
SP;35;80819
SP;35;2384
PR;41;7965
PR;41;6875
PR;41;8601
PR;41;96739
PR;41;4101
PR;41;3273
PR;41;13379
PR;41;10448
PR;41;20638
PR;41;9262
PR;41;5378
PR;41;17830
PR;41;2937
PR;41;21953
PR;41;2890
PR;41;17891
PR;41;7725
PR;41;120133
PR;41;101467
PR;41;26730
PR;41;4035
PR;41;12984
PR;41;115849
PR;41;2568
PR;41;16306
PR;41;33077
PR;41;25042
PR;41;3682
PR;41;11118
PR;41;33089
PR;41;14017
PR;41;2850
PR;41;9275
PR;41;4210
PR;41;15465
PR;41;16716
PR;41;4785
PR;41;2919
PR;41;6952
PR;41;7972
PR;41;9910
PR;41;3907
PR;41;6634
PR;41;3107
PR;41;8355
PR;41;6213
PR;41;3321
PR;41;2821
PR;41;13776
PR;41;4348
PR;41;7765
PR;41;24902
PR;41;96555
PR;41;7106
PR;41;16329
PR;41;4284
PR;41;36644
PR;41;6685
PR;41;4458
PR;41;110796
PR;41;23328
PR;41;85460
PR;41;18179
PR;41;16090
PR;41;12750
PR;41;18655
PR;41;13929
PR;41;17301
PR;41;13566
PR;41;291747
PR;41;67708
PR;41;9751
PR;41;11515
PR;41;18460
PR;41;11332
PR;41;19628
PR;41;67637
PR;41;10944
PR;41;18041
PR;41;241505
PR;41;21729
PR;41;8931
PR;41;3681
PR;41;15509
PR;41;15858
PR;41;48427
PR;41;7790
PR;41;21985
PR;41;4291
PR;41;19011
PR;41;4244
PR;41;20814
PR;41;4595
PR;41;3161
PR;41;1828092
PR;41;15013
PR;41;5713
PR;41;3782
PR;41;5110
PR;41;35389
PR;41;6794
PR;41;5760
PR;41;6137
PR;41;6100
PR;41;14273
PR;41;4043
PR;41;1882
PR;41;5222
PR;41;3413
PR;41;16006
PR;41;79255
PR;41;5014
PR;41;5763
PR;41;8544
PR;41;4775
PR;41;5174
PR;41;5394
PR;41;11841
PR;41;2528
PR;41;7581
PR;41;319189
PR;41;5932
PR;41;6447
PR;41;75517
PR;41;15159
PR;41;3639
PR;41;29732
PR;41;8232
PR;41;7848
PR;41;29594
PR;41;5875
PR;41;7851
PR;41;3688
PR;41;2251
PR;41;5163
PR;41;16271
PR;41;171230
PR;41;7890
PR;41;32315
PR;41;6251
PR;41;29185
PR;41;6124
PR;41;47052
PR;41;9374
PR;41;3882
PR;41;2363
PR;41;11811
PR;41;28295
PR;41;11397
PR;41;2882
PR;41;4257
PR;41;14542
PR;41;15353
PR;41;2604
PR;41;56143
PR;41;11503
PR;41;4610
PR;41;9122
PR;41;7130
PR;41;6075
PR;41;11083
PR;41;23132
PR;41;3701
PR;41;13392
PR;41;32193
PR;41;8173
PR;41;2789
PR;41;5245
PR;41;40526
PR;41;12286
PR;41;33041
PR;41;20131
PR;41;7092
PR;41;4810
PR;41;8585
PR;41;14867
PR;41;1498
PR;41;11587
PR;41;8948
PR;41;10662
PR;41;3769
PR;41;7858
PR;41;6250
PR;41;4752
PR;41;42906
PR;41;6410
PR;41;31516
PR;41;4331
PR;41;4151
PR;41;5498
PR;41;20067
PR;41;4377
PR;41;505184
PR;41;7380
PR;41;5152
PR;41;4521
PR;41;12778
PR;41;14421
PR;41;19058
PR;41;32976
PR;41;21498
PR;41;3334
PR;41;17562
PR;41;13119
PR;41;46523
PR;41;6145
PR;41;31171
PR;41;9193
PR;41;6715
PR;41;10817
PR;41;331412
PR;41;5956
PR;41;5698
PR;41;13493
PR;41;5300
PR;41;4200
PR;41;16056
PR;41;23968
PR;41;4235
PR;41;8268
PR;41;39700
PR;41;4879
PR;41;2385
PR;41;1949
PR;41;10739
PR;41;13263
PR;41;16853
PR;41;3688
PR;41;4038
PR;41;1426
PR;41;3358
PR;41;11833
PR;41;7714
PR;41;26532
PR;41;5334
PR;41;8270
PR;41;11598
PR;41;12933
PR;41;5385
PR;41;10791
PR;41;3952
PR;41;7893
PR;41;8401
PR;41;2816
PR;41;25043
PR;41;3384
PR;41;5636
PR;41;36336
PR;41;42643
PR;41;32282
PR;41;15699
PR;41;28691
PR;41;11743
PR;41;9876
PR;41;138748
PR;41;2781
PR;41;82133
PR;41;4867
PR;41;69478
PR;41;5691
PR;41;7327
PR;41;13371
PR;41;5179
PR;41;9637
PR;41;7222
PR;41;11632
PR;41;116984
PR;41;2598
PR;41;6030
PR;41;30144
PR;41;24139
PR;41;86012
PR;41;35155
PR;41;2786
PR;41;3879
PR;41;14007
PR;41;311106
PR;41;17508
PR;41;14358
PR;41;4341
PR;41;3812
PR;41;2526
PR;41;3856
PR;41;3480
PR;41;5925
PR;41;4879
PR;41;11098
PR;41;50614
PR;41;4927
PR;41;7116
PR;41;19002
PR;41;3789
PR;41;31572
PR;41;12235
PR;41;5246
PR;41;16497
PR;41;4322
PR;41;4097
PR;41;2992
PR;41;16276
PR;41;14558
PR;41;6945
PR;41;25059
PR;41;7383
PR;41;13666
PR;41;11223
PR;41;13702
PR;41;3319
PR;41;15009
PR;41;3986
PR;41;32815
PR;41;30985
PR;41;55750
PR;41;12442
PR;41;9385
PR;41;5890
PR;41;5625
PR;41;4709
PR;41;5177
PR;41;12832
PR;41;4137
PR;41;3732
PR;41;8074
PR;41;10224
PR;41;23872
PR;41;1904
PR;41;8678
PR;41;11753
PR;41;3781
PR;41;11590
PR;41;12143
PR;41;3603
PR;41;9462
PR;41;20354
PR;41;5696
PR;41;41844
PR;41;2748
PR;41;2361
PR;41;19260
PR;41;4982
PR;41;5987
PR;41;11900
PR;41;11198
PR;41;6151
PR;41;12022
PR;41;14226
PR;41;9213
PR;41;5406
PR;41;6134
PR;41;6386
PR;41;3960
PR;41;272530
PR;41;2163
PR;41;40791
PR;41;26284
PR;41;6633
PR;41;9887
PR;41;2580
PR;41;8976
PR;41;5482
PR;41;6812
PR;41;83486
PR;41;5137
PR;41;20213
PR;41;4400
PR;41;5984
PR;41;16027
PR;41;17293
PR;41;3481
PR;41;11413
PR;41;4757
PR;41;15170
PR;41;5944
PR;41;10337
PR;41;68584
PR;41;15041
PR;41;14955
PR;41;16707
PR;41;19345
PR;41;13633
PR;41;115136
PR;41;8920
PR;41;12073
PR;41;6465
PR;41;8806
PR;41;7960
PR;41;14391
PR;41;21672
PR;41;98855
PR;41;53048
PR;41;2484
PR;41;11793
PR;41;10948
PR;41;9301
PR;41;8144
PR;41;4163
PR;41;6513
PR;41;19149
PR;41;5896
SC;42;2805
SC;42;16870
SC;42;9496
SC;42;4866
SC;42;6954
SC;42;6306
SC;42;2632
SC;42;4520
SC;42;10150
SC;42;2075
SC;42;6730
SC;42;5436
SC;42;9299
SC;42;3266
SC;42;7375
SC;42;10774
SC;42;4062
SC;42;22467
SC;42;59134
SC;42;7584
SC;42;3627
SC;42;2249
SC;42;6950
SC;42;3407
SC;42;5556
SC;42;8558
SC;42;7634
SC;42;99493
SC;42;7732
SC;42;14490
SC;42;3105
SC;42;2122
SC;42;19474
SC;42;6111
SC;42;2774
SC;42;10226
SC;42;55665
SC;42;296151
SC;42;3131
SC;42;4359
SC;42;2394
SC;42;2075
SC;42;8543
SC;42;13241
SC;42;4294
SC;42;28909
SC;42;3400
SC;42;2981
SC;42;99917
SC;42;70088
SC;42;6393
SC;42;4194
SC;42;56315
SC;42;11715
SC;42;8204
SC;42;9802
SC;42;29199
SC;42;10068
SC;42;54408
SC;42;3329
SC;42;18994
SC;42;20843
SC;42;9049
SC;42;4995
SC;42;2734
SC;42;4053
SC;42;2854
SC;42;171789
SC;42;15101
SC;42;69766
SC;42;3493
SC;42;10530
SC;42;2567
SC;42;15058
SC;42;13248
SC;42;187018
SC;42;11009
SC;42;1938
SC;42;38799
SC;42;8927
SC;42;15305
SC;42;3560
SC;42;3402
SC;42;3083
SC;42;1877
SC;42;4205
SC;42;10611
SC;42;1694
SC;42;402346
SC;42;2689
SC;42;21611
SC;42;36170
SC;42;2703
SC;42;3520
SC;42;16577
SC;42;14022
SC;42;54687
SC;42;12611
SC;42;6250
SC;42;10802
SC;42;16925
SC;42;10883
SC;42;31334
SC;42;4858
SC;42;4622
SC;42;19405
SC;42;2052
SC;42;3473
SC;42;17328
SC;42;56360
SC;42;12012
SC;42;11847
SC;42;38574
SC;42;5697
SC;42;49959
SC;42;2637
SC;42;4807
SC;42;8362
SC;42;6816
SC;42;7360
SC;42;4356
SC;42;9664
SC;42;2059
SC;42;10662
SC;42;6577
SC;42;20431
SC;42;169927
SC;42;35655
SC;42;15840
SC;42;11251
SC;42;21327
SC;42;4138
SC;42;11048
SC;42;16263
SC;42;136282
SC;42;1893
SC;42;25226
SC;42;492101
SC;42;5015
SC;42;2190
SC;42;2260
SC;42;166983
SC;42;51282
SC;42;1494
SC;42;5697
SC;42;14131
SC;42;12102
SC;42;3683
SC;42;4676
SC;42;9549
SC;42;9371
SC;42;5537
SC;42;1799
SC;42;52697
SC;42;2897
SC;42;7609
SC;42;6130
SC;42;22691
SC;42;2312
SC;42;14331
SC;42;2863
SC;42;7070
SC;42;2601
SC;42;3871
SC;42;9449
SC;42;9125
SC;42;8337
SC;42;15994
SC;42;2790
SC;42;55691
SC;42;4307
SC;42;4229
SC;42;11832
SC;42;13032
SC;42;2970
SC;42;21590
SC;42;16359
SC;42;7266
SC;42;2197
SC;42;1852
SC;42;2360
SC;42;128360
SC;42;8157
SC;42;2428
SC;42;16557
SC;42;17605
SC;42;4259
SC;42;5575
SC;42;4578
SC;42;7198
SC;42;4479
SC;42;21853
SC;42;3003
SC;42;6213
SC;42;15394
SC;42;3021
SC;42;4577
SC;42;2740
SC;42;26375
SC;42;5226
SC;42;3637
SC;42;11625
SC;42;13910
SC;42;33290
SC;42;14307
SC;42;7321
SC;42;1794
SC;42;14212
SC;42;2324
SC;42;2682
SC;42;11220
SC;42;2871
SC;42;6232
SC;42;6176
SC;42;7010
SC;42;59236
SC;42;10063
SC;42;4621
SC;42;44023
SC;42;2510
SC;42;5134
SC;42;11146
SC;42;5833
SC;42;7690
SC;42;4183
SC;42;4328
SC;42;10851
SC;42;15836
SC;42;2496
SC;42;2096
SC;42;8208
SC;42;9322
SC;42;3097
SC;42;1467
SC;42;18266
SC;42;75543
SC;42;2682
SC;42;3271
SC;42;10800
SC;42;5037
SC;42;9612
SC;42;39341
SC;42;3404
SC;42;6230
SC;42;7143
SC;42;23547
SC;42;24929
SC;42;199280
SC;42;14122
SC;42;10611
SC;42;22711
SC;42;10740
SC;42;3283
SC;42;2027
SC;42;35004
SC;42;5038
SC;42;8880
SC;42;13559
SC;42;17716
SC;42;3285
SC;42;12895
SC;42;25332
SC;42;3150
SC;42;17418
SC;42;8632
SC;42;1780
SC;42;29122
SC;42;5270
SC;42;34777
SC;42;7245
SC;42;18576
SC;42;3644
SC;42;6789
SC;42;5900
SC;42;6458
SC;42;95855
SC;42;4779
SC;42;11386
SC;42;3116
SC;42;10780
SC;42;2576
SC;42;19778
SC;42;3673
SC;42;3193
SC;42;4364
SC;42;6133
SC;42;46157
SC;42;5739
SC;42;3556
SC;42;41766
SC;42;4328
SC;42;25223
SC;42;2981
RS;43;4312
RS;43;3638
RS;43;17114
RS;43;7411
RS;43;7380
RS;43;79548
RS;43;4834
RS;43;2212
RS;43;9017
RS;43;1965
RS;43;3048
RS;43;211276
RS;43;6527
RS;43;8440
RS;43;1262
RS;43;6331
RS;43;14159
RS;43;3931
RS;43;5078
RS;43;6735
RS;43;18878
RS;43;2855
RS;43;7109
RS;43;13126
RS;43;14114
RS;43;18801
RS;43;10530
RS;43;7408
RS;43;3802
RS;43;115755
RS;43;11440
RS;43;5444
RS;43;6716
RS;43;7198
RS;43;3062
RS;43;3878
RS;43;11779
RS;43;2020
RS;43;2434
RS;43;5424
RS;43;11839
RS;43;2240
RS;43;105639
RS;43;2110
RS;43;6655
RS;43;2522
RS;43;2557
RS;43;2715
RS;43;12194
RS;43;11532
RS;43;2446
RS;43;11555
RS;43;8078
RS;43;7880
RS;43;2361
RS;43;3878
RS;43;4846
RS;43;20240
RS;43;33235
RS;43;13750
RS;43;86750
RS;43;117203
RS;43;4990
RS;43;5217
RS;43;5276
RS;43;62556
RS;43;2546
RS;43;7207
RS;43;3316
RS;43;6419
RS;43;5746
RS;43;58915
RS;43;5545
RS;43;3671
RS;43;30369
RS;43;6762
RS;43;8535
RS;43;40449
RS;43;55679
RS;43;329903
RS;43;2001
RS;43;39928
RS;43;3402
RS;43;24408
RS;43;1882
RS;43;11478
RS;43;2684
RS;43;3492
RS;43;7500
RS;43;60182
RS;43;25388
RS;43;1738
RS;43;8641
RS;43;3109
RS;43;9674
RS;43;405858
RS;43;3105
RS;43;6788
RS;43;4642
RS;43;2656
RS;43;9714
RS;43;12853
RS;43;9687
RS;43;35507
RS;43;3658
RS;43;4134
RS;43;5470
RS;43;5102
RS;43;11615
RS;43;5046
RS;43;2471
RS;43;3803
RS;43;6843
RS;43;10165
RS;43;1610
RS;43;3285
RS;43;2518
RS;43;8021
RS;43;1668
RS;43;4817
RS;43;2998
RS;43;15116
RS;43;7328
RS;43;3081
RS;43;64762
RS;43;2294
RS;43;12661
RS;43;4850
RS;43;3424
RS;43;2974
RS;43;3216
RS;43;26070
RS;43;2438
RS;43;3462
RS;43;15151
RS;43;38952
RS;43;2834
RS;43;3625
RS;43;5513
RS;43;2105
RS;43;33098
RS;43;20360
RS;43;25032
RS;43;1530
RS;43;3127
RS;43;9312
RS;43;2947
RS;43;97011
RS;43;3094
RS;43;5398
RS;43;8294
RS;43;3361
RS;43;3498
RS;43;15429
RS;43;6256
RS;43;43123
RS;43;81131
RS;43;30329
RS;43;3772
RS;43;3107
RS;43;2596
RS;43;62674
RS;43;6453
RS;43;2639
RS;43;3212
RS;43;12126
RS;43;26435
RS;43;2176
RS;43;11357
RS;43;7255
RS;43;2617
RS;43;4671
RS;43;28295
RS;43;30165
RS;43;3528
RS;43;6252
RS;43;9074
RS;43;1593
RS;43;16374
RS;43;17303
RS;43;7364
RS;43;33257
RS;43;2414
RS;43;4084
RS;43;266230
RS;43;1708
RS;43;96467
RS;43;22372
RS;43;8475
RS;43;3777
RS;43;7100
RS;43;2891
RS;43;19013
RS;43;6352
RS;43;5024
RS;43;4448
RS;43;4804
RS;43;7310
RS;43;4310
RS;43;19306
RS;43;32945
RS;43;79412
RS;43;4328
RS;43;15936
RS;43;3115
RS;43;6775
RS;43;2347
RS;43;6145
RS;43;2033
RS;43;8593
RS;43;4794
RS;43;3696
RS;43;2488
RS;43;36889
RS;43;2733
RS;43;4593
RS;43;2433
RS;43;19724
RS;43;4238
RS;43;2748
RS;43;3636
RS;43;28439
RS;43;11839
RS;43;4469
RS;43;3801
RS;43;8546
RS;43;20007
RS;43;1634
RS;43;2733
RS;43;28230
RS;43;6651
RS;43;71111
RS;43;2632
RS;43;8378
RS;43;6210
RS;43;5614
RS;43;1522
RS;43;4440
RS;43;5638
RS;43;2987
RS;43;6963
RS;43;7626
RS;43;2531
RS;43;35900
RS;43;5406
RS;43;4136
RS;43;2321
RS;43;4137
RS;43;5408
RS;43;2722
RS;43;3773
RS;43;1895
RS;43;5111
RS;43;8055
RS;43;4995
RS;43;1615
RS;43;3238
RS;43;2834
RS;43;59110
RS;43;2689
RS;43;3291
RS;43;6437
RS;43;5897
RS;43;12334
RS;43;4693
RS;43;3085
RS;43;1864
RS;43;15876
RS;43;1805
RS;43;12632
RS;43;3214
RS;43;4000
RS;43;9124
RS;43;2125
RS;43;3276
RS;43;2800
RS;43;5075
RS;43;17535
RS;43;2581
RS;43;6663
RS;43;18484
RS;43;23721
RS;43;2490
RS;43;3690
RS;43;22177
RS;43;3981
RS;43;3926
RS;43;255945
RS;43;4293
RS;43;2391
RS;43;1920
RS;43;41161
RS;43;4558
RS;43;11901
RS;43;34456
RS;43;7122
RS;43;38249
RS;43;9913
RS;43;6895
RS;43;7609
RS;43;3236
RS;43;51036
RS;43;5225
RS;43;6237
RS;43;185882
RS;43;2149
RS;43;7838
RS;43;2631
RS;43;8286
RS;43;3972
RS;43;343167
RS;43;5009
RS;43;2412
RS;43;2059
RS;43;4598
RS;43;4597
RS;43;13213
RS;43;3016
RS;43;21033
RS;43;10796
RS;43;2086
RS;43;4031
RS;43;1864
RS;43;30254
RS;43;1430220
RS;43;5667
RS;43;2602
RS;43;2080
RS;43;11145
RS;43;2018
RS;43;2485
RS;43;6407
RS;43;2182
RS;43;4269
RS;43;23006
RS;43;1789
RS;43;2828
RS;43;3672
RS;43;10054
RS;43;2250
RS;43;15946
RS;43;4243
RS;43;195582
RS;43;38908
RS;43;4612
RS;43;10366
RS;43;5872
RS;43;2872
RS;43;20094
RS;43;9891
RS;43;5775
RS;43;7438
RS;43;41715
RS;43;2669
RS;43;3038
RS;43;12665
RS;43;2673
RS;43;7036
RS;43;15184
RS;43;9250
RS;43;1771
RS;43;5774
RS;43;121168
RS;43;2231
RS;43;266822
RS;43;6427
RS;43;66015
RS;43;1883
RS;43;31789
RS;43;8873
RS;43;84779
RS;43;51088
RS;43;75627
RS;43;39302
RS;43;12089
RS;43;2289
RS;43;2100
RS;43;13910
RS;43;14625
RS;43;2686
RS;43;63257
RS;43;2951
RS;43;19909
RS;43;22262
RS;43;59454
RS;43;21212
RS;43;5109
RS;43;2781
RS;43;2832
RS;43;3038
RS;43;2550
RS;43;4103
RS;43;2150
RS;43;25921
RS;43;7183
RS;43;1988
RS;43;3297
RS;43;210145
RS;43;43451
RS;43;35184
RS;43;20406
RS;43;5953
RS;43;3551
RS;43;7632
RS;43;6006
RS;43;6811
RS;43;3270
RS;43;2029
RS;43;2810
RS;43;17079
RS;43;21142
RS;43;24397
RS;43;4010
RS;43;2319
RS;43;2722
RS;43;1873
RS;43;8636
RS;43;77282
RS;43;126085
RS;43;21504
RS;43;11131
RS;43;3019
RS;43;7270
RS;43;4911
RS;43;2941
RS;43;5536
RS;43;14387
RS;43;2419
RS;43;6726
RS;43;6077
RS;43;2157
RS;43;3987
RS;43;2542
RS;43;10669
RS;43;14675
RS;43;30932
RS;43;4269
RS;43;18699
RS;43;10775
RS;43;17143
RS;43;55270
RS;43;26579
RS;43;2927
RS;43;5293
RS;43;14273
RS;43;10232
RS;43;26670
RS;43;2705
RS;43;7044
RS;43;3146
RS;43;33686
RS;43;42863
RS;43;2462
RS;43;23935
RS;43;3088
RS;43;10891
RS;43;24306
RS;43;3141
RS;43;4486
RS;43;24000
RS;43;6093
RS;43;25096
RS;43;6022
RS;43;4532
RS;43;1777
RS;43;23591
RS;43;3843
RS;43;8936
RS;43;3976
RS;43;2474
RS;43;1674
RS;43;2421
RS;43;127138
RS;43;62370
RS;43;11216
RS;43;4971
RS;43;3363
RS;43;2032
RS;43;67136
RS;43;23702
RS;43;25521
RS;43;1992
RS;43;5766
RS;43;257844
RS;43;5642
RS;43;3139
RS;43;3288
RS;43;2293
RS;43;4291
RS;43;4392
RS;43;2940
RS;43;1517
RS;43;2799
RS;43;3707
RS;43;2824
RS;43;11402
MS;50;13623
MS;50;4440
MS;50;34501
MS;50;23012
MS;50;8635
MS;50;7461
MS;50;8618
MS;50;20433
MS;50;46266
MS;50;9535
MS;50;6045
MS;50;19295
MS;50;10870
MS;50;23562
MS;50;8401
MS;50;17786
MS;50;12494
MS;50;23437
MS;50;13562
MS;50;747189
MS;50;5257
MS;50;21546
MS;50;16781
MS;50;4301
MS;50;14416
MS;50;99196
MS;50;18884
MS;50;32767
MS;50;11586
MS;50;9622
MS;50;5047
MS;50;187601
MS;50;12304
MS;50;19327
MS;50;3388
MS;50;9915
MS;50;10482
MS;50;15085
MS;50;7542
MS;50;19187
MS;50;17446
MS;50;21138
MS;50;7608
MS;50;5745
MS;50;24042
MS;50;3913
MS;50;5518
MS;50;18494
MS;50;5989
MS;50;31933
MS;50;24687
MS;50;16441
MS;50;44828
MS;50;15649
MS;50;12430
MS;50;44971
MS;50;5074
MS;50;40118
MS;50;11437
MS;50;8543
MS;50;74601
MS;50;15333
MS;50;19780
MS;50;27435
MS;50;5093
MS;50;19131
MS;50;4472
MS;50;7384
MS;50;21217
MS;50;6608
MS;50;10962
MS;50;39636
MS;50;12991
MS;50;9483
MS;50;3198
MS;50;14952
MS;50;88592
MS;50;5787
MT;51;5679
MT;51;19777
MT;51;51136
MT;51;14324
MT;51;5269
MT;51;9445
MT;51;8361
MT;51;6321
MT;51;8228
MT;51;3038
MT;51;1138
MT;51;15878
MT;51;10070
MT;51;19930
MT;51;7842
MT;51;33724
MT;51;54882
MT;51;4696
MT;51;14609
MT;51;86805
MT;51;14137
MT;51;23230
MT;51;27151
MT;51;5010
MT;51;5514
MT;51;17785
MT;51;12032
MT;51;8040
MT;51;17978
MT;51;11032
MT;51;6039
MT;51;31744
MT;51;29636
MT;51;18623
MT;51;22180
MT;51;3226
MT;51;14406
MT;51;544737
MT;51;4994
MT;51;10808
MT;51;18966
MT;51;8497
MT;51;10769
MT;51;3721
MT;51;6052
MT;51;4969
MT;51;3204
MT;51;31801
MT;51;14360
MT;51;2623
MT;51;4376
MT;51;4911
MT;51;4701
MT;51;12676
MT;51;25745
MT;51;8345
MT;51;10972
MT;51;33040
MT;51;39582
MT;51;9182
MT;51;12168
MT;51;5026
MT;51;32255
MT;51;2472
MT;51;14482
MT;51;14821
MT;51;25360
MT;51;15296
MT;51;6368
MT;51;12766
MT;51;13425
MT;51;4989
MT;51;13087
MT;51;4980
MT;51;5144
MT;51;2369
MT;51;5803
MT;51;8443
MT;51;25658
MT;51;2867
MT;51;20330
MT;51;3453
MT;51;8125
MT;51;19268
MT;51;3930
MT;51;7015
MT;51;2221
MT;51;7047
MT;51;11950
MT;51;20874
MT;51;16208
MT;51;29995
MT;51;2807
MT;51;32059
MT;51;5178
MT;51;1831
MT;51;39071
MT;51;6321
MT;51;9979
MT;51;9871
MT;51;4093
MT;51;17985
MT;51;46311
MT;51;11179
MT;51;2584
MT;51;9006
MT;51;2176
MT;51;5201
MT;51;3457
MT;51;179094
MT;51;18531
MT;51;3698
MT;51;4486
MT;51;2236
MT;51;2615
MT;51;7564
MT;51;2939
MT;51;3418
MT;51;19964
MT;51;11097
MT;51;3417
MT;51;18102
MT;51;4285
MT;51;19527
MT;51;4175
MT;51;15014
MT;51;1407
MT;51;110513
MT;51;57799
MT;51;10776
MT;51;79870
MT;51;11020
MT;51;15063
MT;51;3200
MT;51;4184
MT;51;4106
MT;51;2955
MT;51;237925
MT;51;9468
MT;51;14362
MT;51;19672
GO;52;6182
GO;52;13209
GO;52;19173
GO;52;2596
GO;52;5243
GO;52;2121
GO;52;139804
GO;52;20661
GO;52;2121
GO;52;3318
GO;52;6913
GO;52;8570
GO;52;3662
GO;52;4811
GO;52;3549
GO;52;331329
GO;52;1007
GO;52;18110
GO;52;494919
GO;52;2830
GO;52;3684
GO;52;3966
GO;52;17777
GO;52;7589
GO;52;7742
GO;52;3532
GO;52;6879
GO;52;3761
GO;52;2431
GO;52;3551
GO;52;6676
GO;52;21466
GO;52;8679
GO;52;20668
GO;52;7157
GO;52;3340
GO;52;3294
GO;52;5203
GO;52;2248
GO;52;8485
GO;52;3558
GO;52;6796
GO;52;1441
GO;52;8280
GO;52;7666
GO;52;11281
GO;52;16397
GO;52;65970
GO;52;3299
GO;52;3554
GO;52;3892
GO;52;10010
GO;52;6127
GO;52;5903
GO;52;18984
GO;52;6281
GO;52;9333
GO;52;3590
GO;52;79618
GO;52;4639
GO;52;10290
GO;52;19114
GO;52;7715
GO;52;5673
GO;52;51303
GO;52;15246
GO;52;3999
GO;52;2666
GO;52;9408
GO;52;8447
GO;52;38125
GO;52;3153
GO;52;14986
GO;52;3725
GO;52;3143
GO;52;3646
GO;52;2789
GO;52;2073
GO;52;2269
GO;52;5537
GO;52;8576
GO;52;3822
GO;52;10577
GO;52;3242
GO;52;7063
GO;52;6469
GO;52;10664
GO;52;11122
GO;52;94717
GO;52;5356
GO;52;3492
GO;52;11580
GO;52;5074
GO;52;56169
GO;52;1265394
GO;52;25647
GO;52;24859
GO;52;32220
GO;52;4721
GO;52;13974
GO;52;2411
GO;52;4151
GO;52;2424
GO;52;3684
GO;52;14577
GO;52;4231
GO;52;12672
GO;52;5887
GO;52;13230
GO;52;46555
GO;52;23911
GO;52;2900
GO;52;32002
GO;52;2891
GO;52;31965
GO;52;4369
GO;52;5605
GO;52;5544
GO;52;16806
GO;52;8084
GO;52;25337
GO;52;5491
GO;52;9046
GO;52;91843
GO;52;2764
GO;52;6578
GO;52;41014
GO;52;85491
GO;52;3070
GO;52;2281
GO;52;6918
GO;52;19229
GO;52;1308
GO;52;9362
GO;52;203800
GO;52;2775
GO;52;6891
GO;52;10516
GO;52;2137
GO;52;4433
GO;52;11367
GO;52;2930
GO;52;31647
GO;52;47500
GO;52;1881
GO;52;7418
GO;52;8069
GO;52;9766
GO;52;4621
GO;52;40512
GO;52;2391
GO;52;4988
GO;52;13815
GO;52;6916
GO;52;4078
GO;52;7536
GO;52;20120
GO;52;39720
GO;52;2271
GO;52;2184
GO;52;13221
GO;52;8668
GO;52;2687
GO;52;3644
GO;52;7168
GO;52;3454
GO;52;87558
GO;52;4191
GO;52;15015
GO;52;4580
GO;52;4952
GO;52;27429
GO;52;3319
GO;52;22353
GO;52;2324
GO;52;3745
GO;52;2678
GO;52;7899
GO;52;11283
GO;52;2829
GO;52;10099
GO;52;2872
GO;52;24008
GO;52;11324
GO;52;20990
GO;52;27792
GO;52;79162
GO;52;16688
GO;52;40420
GO;52;3129
GO;52;3359
GO;52;30812
GO;52;3386
GO;52;39485
GO;52;10855
GO;52;4269
GO;52;3177
GO;52;158818
GO;52;18583
GO;52;7905
GO;52;5936
GO;52;3663
GO;52;4812
GO;52;36198
GO;52;3580
GO;52;6171
GO;52;3528
GO;52;2841
GO;52;4196
GO;52;11856
GO;52;4276
GO;52;4129
GO;52;57908
GO;52;10116
GO;52;5847
GO;52;8642
GO;52;1706
GO;52;27684
GO;52;4426
GO;52;23128
GO;52;3824
GO;52;2129
GO;52;14308
GO;52;75297
GO;52;7692
GO;52;19038
GO;52;7233
GO;52;3436
GO;52;3484
GO;52;2887
GO;52;5875
GO;52;2957
GO;52;102870
GO;52;3663
GO;52;5093
GO;52;4020
GO;52;3112
GO;52;34411
GO;52;14110
GO;52;2758
GO;52;120878
GO;52;3782
GO;52;12699
GO;52;6091
GO;52;4461
GO;52;5282
DF;53;2557158
BR;55;189612814
